poiid,like,user,userhref,star,haspic,isGold,content,time
5812,1,远射帮帮主💋James💋,/u/57655609.html,3,True,False,今天上午我们慕名来到了武大观赏樱花，可是现在樱花季已经进入尾声了，樱花大道已不再是淡粉色的海洋了。不过这里历史悠久的老牌名校，早在清朝末期就创立了，当时的校长是维新派代表张之洞，所以文化底蕴非常深厚。再说这里的建筑，都是经历过历史的沧桑的，所以他们看起来都很有年代感。老图书馆、老斋舍、入口牌坊，都是校区的代表建筑，他们能带你穿越到民国时期。尤其是老斋舍，简直就是学生们的福音，每到樱花盛开的时候，这里就被淡粉色重重包裹，因此这里又称“樱花城堡”。这里不仅有古建筑，还有很新潮的现代建筑，如万林艺术博物馆，他是半悬空的建筑，就像在科幻片里看见的一样。总之这里郁郁葱葱，就像绿色的世界，是个天然的大氧吧。因此，今天在这里参观，虽没有看到樱花，却没有留下任何遗憾。,2017-04-04 09:56:14
5812,,天上大风,/u/81910857.html,5,True,False,由于樱花节造势武汉大学如今已经成为了武汉市乃至湖北省重要的旅游景点，你说你来武汉不来武大实在是有些遗憾，无论是武汉大学的自然环境（珞珈山）还是建筑群体（老斋舍）都是极好的，兼顾自然与人文。如果你不是冲着樱花而去，倒是建议找个寻常假期，避开人潮，定能十分惬意地徜徉其中,2017-04-01 11:44:29
5812,2,蒙檬萌,/u/65119906.html,4,True,False,很久之前就与好友相约好了要来武汉赴一场🌸之约，今年终于实现了。武汉的三月对于一个广东人来说真的是冷的要命，穿着鼓鼓的来到武大的校园还是觉得湿冷湿冷，由于来的这天天气并不怎么好，下起了蒙蒙小雨，因此也没有在武大的校园逗留很久，只是沿着樱花道饱了一下眼福，第一次看🌸，内心很激动，真的很美美，武大的建筑也很有人文气息，我想我一定会在未来某一天，选个晴朗的天再来一次武大，慢慢欣赏它的美。 p.s：在樱花道上一路上走来听到百分之九十的人都在说着我熟悉的粤语，感觉自己穿越了。,2017-03-26 12:55:22
5812,,勺,/u/74719971.html,5,True,False,三月末雨天的樱花不是那么绚烂，但是特别的清新。来之前关注了武汉大学的公众号，取得了预约，由于下雨人也不是很多，所以在樱花大道上逛了两个来回。最后不得不恋恋不舍的离开。武汉大学不只是樱花才是风景线，还有很多建筑也是有些历史了，很值得一去。,2017-03-24 17:24:00
5812,1,晓月清江,/u/38227370.html,4,True,False,"原本没打算来武汉，只因临行前从电视上获悉武汉大学樱花盛开，而我又对樱花毫无印象，才临时决定改变行程在武汉停留一站。 武汉大学的确很大，我可能是错过了最佳站点，出了地铁转个弯进入武大校园，东张西望一路打听，在校园里逛荡了半个小时，才从另一个门走出，来到写有“国立武汉大学”的正门前。     大门前挤满了熙熙攘攘的人群，高大简洁的门楼前一字排开几个鲜红的伞棚，棚上贴着凭票入口的标识，有师生自愿者在伞棚下收验门票。不远处有一溜临时搭起的棚子，下面摆了一长排桌椅，有自愿者在那儿售卖20元一张的门票，买票的游人络绎不绝。 真是开了眼了，感觉武汉大学真牛！ 没啥好说的，我毫不犹豫地掏钱买了门票，刚过了检票口，就听到身后的那个人被拦住了，“你的票是假的！”检票员说。 好家伙！看来这每天的客流量一定很大，竟然有人为此造假！  进了大门随人流走了好长一段路，才来到观赏樱花的景区：樱花大道。 此时的樱花大道确切的说，应该叫做市场大道。摩肩接踵、喧声笑语、到处都是拥挤拍照的游人。那些高大的樱花树木然地绽放着细白的樱花，全然失去了想象中那份娴静与优雅。而放眼望去，樱花大道一侧的古典建筑，在雪白的樱花衬托下，的确显得格外自然古朴，还颇有几分肃穆。 我忽然非常非常想念我曾经的青年点，想念那满沟满坎、漫山遍野的山梨花，那片浓郁芬芳、如云似雪的洁白美丽，就那么安静地怒放在深山里，盛开在我悠远的记忆里...",2017-03-09 10:35:25
5812,1,梦旅人,/u/40191221.html,4,True,False,3月2号去武汉，武汉街道上的樱花都开放了，唯独学校的樱花还没开，失望。学校有很多大门，不知道正门叫什么，坐公交到的也不是正门。学校很大，到处都是高大的树木，中午在学校餐厅吃的饭，由于体力不支，就随便逛了逛。最后，也只能感叹一句，别人家的大学！,2017-03-04 14:49:27
5812,1,清风1383367,/u/17487179.html,4,True,False,武汉大学开放的大门，宽敞的大道，蜿蜒曲折的山路，山顶之上的老图书馆，老行政楼俯视着操场上运动的健儿，樱花大道旁的学生宿舍楼，散布在山边树林里的教学楼，山顶上耸立着值得尊重的开创先辈、树林深处科学的先驱默默注视着武大的发展。,2017-02-13 08:28:02
5812,,揪揪妹儿,/u/83594924.html,4,True,False,武汉大学被安排在第二天大半天的行程中，花整个上午悠闲的漫步武大，买一份手绘武大，中午再在这里感受大学时光的食堂。之前对武大充有幻想，当真没有失望。被誉为”中国最美大学之一“的武大，保留完好的民国建筑，理工楼、珞珈山、老图书馆、校门牌坊，老斋舍等。老斋舍是拥有历史感的住宿区，却是整个校园快门不断的地方，厚重沉稳灰色为主调，与深棕色橱窗搭配整齐、庄重，朴实中透露出魄力，不失华丽的欢喜之情。老斋舍娄底就是樱顶，因为在维修中未能上去，也没有俯瞰到整个武大。老斋舍旁边就是樱花大道，樱花盛开时，这条道路真实绝美无比。武汉大学老图书馆也是标志性建筑，它位于珞珈山顶，是武大的至高点。行政楼也是武大的坐标建筑，典型的罗马建筑，将中西完美融合。武大之美，在于建筑。美，是一处轮廓的精细雕刻，美是一座建筑的宏伟壮观，美是一所校园从内到外自然而然散发的历史厚重感。,2017-02-10 16:14:13
5812,,清汤面mm,/u/5674612.html,5,True,False,没有樱花的季节，我们来到武汉大学，还是有点小遗憾的。 不过据出租车司机说，假如樱花开放的时节来，就算能挤得进来，恐怕也只有人看人的份儿了。这样想想心理就莫名地平衡了 漫步在樱花大道上，发现老斋舍经过整修刚刚重新开放不久。老斋舍、老图书馆的建筑十分特色，其浑厚的历史更给人以沧桑厚重之感。  从正门进的武大，工学部西北门出来，直面武汉东湖。 冬季的东湖边行人车辆稀少，树木萧瑟，湖面平静。远离了喧嚣，一切仿佛静止。,2017-02-09 00:35:10
5812,,HuangW101,/u/17714034.html,2,True,False,"的士司机不肯载我们进校。从南校门走了二十分钟，才到老图书馆。 民国时期的建筑，完整，青色琉璃瓦闪耀。为传统建筑的用心保育利用鼓掌。 没有樱花的武大，游人还不少。 嗯嗯，感觉路边蛮多杂物垃圾的。呵呵。",2017-02-03 18:42:55
5812,,浔樱,/u/77716664.html,5,True,False,到了武大，校门口有几个同学在收门票，20元，然后送了一张日历，上面画着武大樱花，还挺好看的。在校园里瞎走，走着走着看到樱花了，有樱花的地方也是人最多的地方。看着看着突然下雨了，樱花花瓣被雨打落，一瞬间落英缤纷，好美~拍不出的美,2017-01-21 02:06:02
5812,1,黑猫龙太子,/u/87005677.html,4,True,False,2016年9月去了武汉大学，校园很大，而且植被覆盖面积也挺高，去的时候刚好赶上新生军训，看着他们站军姿的样子真的好想再重新高考一次，学习里面有艺术展览馆，摆放一些学生和校友的获奖作品，干净安静，气氛好，中午在梅园（餐厅吃的饭）热干面真的超级便宜！其实我并不太喜欢吃但是来到武汉还是要再尝一下的，菜类价格都和其他大学差不多的价格，这个需要刷卡，而旁边的教职工餐厅是支持付款的，里面的菜肴也是很丰富。,2017-01-20 17:47:01
5812,1,餃子,/u/19209439.html,5,True,False,万林的顶楼有个咖啡厅，有非常大的露台，速度快的话可以在万林的顶楼露台喝杯咖啡，晒晒太阳。从万林出来差不多中午时分，正好可以右后转去梅园餐厅吃午饭。学生餐厅不收现金，如果不幸借不到学生卡可以去另一面有呷哺、肯德基等等。午餐后一路向北走樱花大道，过宋卿体育馆，到老斋舍和樱顶拍拍照片。春天的樱花大道应该是武大的颜值担当了。走下图书馆的大坡向南可到体育场和行政楼，过了行政楼再向北就可以直达凌波门了。,2017-01-09 09:54:35
5812,,tyler韬,/u/40446300.html,4,True,False,武汉大学一直因为成排的樱花树而闻名于外，而我们这次则是错了峰，去的时候离樱花季还差一个月。这样也倒有好处，让我们更能够着眼于这个校园本身。武大里面的路，坡挺多，走起来还是有点累的。其实除了樱花，这边的建筑、树木也都是蛮不错的，走在里面会有一种心静下来的感觉，挺舒服的。,2017-04-07 21:59:54
5812,,小柯on my way,/u/76437826.html,5,True,False,去武汉怎么可能不去武大？尤其是在樱花盛开的季节，据说是亚洲八大赏樱圣地之一。武汉大学是中国著名的风景游览地，学校坐拥珞珈山，环绕东湖水，占地面积5187亩，建筑面积262万平方米。中西合璧的宫殿式建筑群古朴典雅，巍峨壮观，堪称近现代中国大学校园建筑的佳作与典范，被称为中国最美丽的大学校园，武大樱花约在每年三月中下旬开始开放。,2017-04-06 22:37:33
5812,,小包裹,/u/19197374.html,5,True,False,在这里的莘莘学子们是如些的幸运，大学时光在这里度过是那么浪漫与幸福,2017-03-27 16:00:15
5812,,陈小睦,/u/19389780.html,5,True,False,说起武大，第一印象就时武大樱花季。武大校园是比较大，设施设备完善，但是樱花大道确实有点小失望。樱花纯色，比较单一。,2017-03-26 21:35:57
5812,,champagne,/u/681719.html,5,True,False,樱花节期间的武大非常漂亮，采用了预约制有效控制人数，学校的志愿者和执勤人员非常热心，给了很多有帮助的游玩建议。,2017-03-26 18:08:39
5812,1,平常心,/u/93826710.html,5,True,False,我们去的当天下着雨，但也影响不了赏景的心情。人不算很多，休闲的走在学校里是一种不错的心情，更好回到校园的回忆。这样美丽的学校，确实加分不少呀。,2017-03-20 09:08:38
5812,1,熊大白,/u/90338456.html,5,True,False,樱花季人果然多，赶在7点前进的门，就已经很多人了～不过真的很美～,2017-03-19 22:44:58
5812,,木秀坞,/u/57009777.html,4,True,False,真的很大，在这读书的话就很好玩，观光的话腿很累但风景好值得一去。即使没有樱花。,2017-03-15 20:41:20
5812,1,南派穆幕,/u/31674945.html,5,True,False,武汉大学前身为清末湖广总督张之洞创立的自强学堂，1928年更名为“国立武汉大学”。 到了武汉大学特别推荐大家去看两个东西，一个是武汉大学内的樱花，另一个是武汉大学早期建筑。         每年3月中旬-4月初是樱花盛开的时期，“老斋舍”前著名的“樱花大道”，是武大赏樱的最佳地点。樱花大道，位于樱园的半山腰上，从樱园石开始，经过樱花城堡、情人坡、理学院、梅园小操场、九一二操场、标本楼，最后到达“新闻传播学院楼”，全长约500米。         1928年李四光先生邀请建筑大师凯尔斯设计了号称“学院故宫”的武大建筑群。这些建筑包括武大牌楼，文、法、理、工四个学院大楼，宋卿体育馆，老图书馆，男生宿舍（樱园学生宿舍），周恩来故居等。建筑群整体上在遵循中国传统原则的同时，又引入了西方古典式样，融合了中西建筑之长。        小贴士： 1）	武汉大学占地面积很大，校园内的岔路也很多，如果只靠步行的话走上一天也逛不完整个武大，所以建议大家下载一个APP“摩拜单车”，校园内这种单车随处可见，骑车游览整个校园是一个省时省力又惬意的选择； 2）	游览时间：半天-1天，依你的出行时间自由安排； 3）	午饭可以在校园内的食堂吃（无学生卡可交现金），或是推荐大家去武汉大学东门右手边的“恩施土家菜”，地道、美味、价廉、服务好！这家菜我会在后面的吃喝篇再详细介绍； 4）	推荐景点：武汉大学早期建筑图书馆、宋卿体育馆、樱花大道； 5）	赏樱花：推荐3月中旬-4月初来，樱花季期间会向外来游客收取20元参观票，其余时间免费。,2017-03-15 16:36:24
5812,,lynn,/u/17738511.html,4,True,False,武汉大学真的挺美的，走进去像一个超大的公园。散布在此感觉不错。一定要去看一下武汉大学内的 万林博物馆，我很喜欢那个博物馆，建筑也很有特色。,2017-02-15 11:27:09
5812,,寻路的蒲公英,/u/42729954.html,4,True,False,校园的建筑比较有特色，很大很干净，不知道开学的武大是什么样的，反正我们去的时候人不是很多，舒适。,2017-02-10 23:07:57
5812,,虎哥,/u/494242.html,4,True,False,我们是冬天来的。樱花没看到，但也有收获，几株腊梅竞相开放，暗香浮动。,2017-02-04 15:00:54
5812,,短发小黑妞,/u/42258979.html,4,True,False,来追忆一下匆匆那些年！美好的大学时光！武大离东湖很近，可以安排一天游玩。,2017-02-04 11:43:28
5812,,尚-某某,/u/54674214.html,5,True,False,武汉大学站是在一个隧道里，我和螃蟹都吓了一跳。  原来隧道还能修公交站牌啊啊啊！好牛逼。 由于武大依山而建，到处都是上下楼的台阶。逛到了网红宿舍楼。 这种民国建筑真的很有韵味。,2017-01-27 22:57:55
5812,,碎花洋裙,/u/57971090.html,5,True,False,因为每年3月樱花盛开时，活脱脱地变成了花丛中娇羞的少女。因而得名“樱花城堡”，真名，超有年代历史感“老斋舍”，乍一听，以为是还珠格格的“漱房斋”！想要住进去，你首先得考个博士！[得意][得意],2017-01-11 23:01:11
5812,1,餃子,/u/19209439.html,5,True,False,古建筑很多，很有历史感的一所大学，人文气息浓。可以在校园里走一天，也可以租个自行车随意骑行。樱花大道在樱花季去会很漂亮，,2017-01-09 09:58:09
5812,1,梦翔917,/u/91594371.html,4,True,False,"去的时候已经过了樱花时节,自己也是个离开大学很多年的人儿了,总体来说没有樱花的武大失去了最大的特色,不过很多建筑都很古色古香,算是文物吧,还是可以去看一看的~",2017-01-04 19:16:05
5812,,NJ,/u/87845873.html,5,True,False,哇 原来的西南联大之一呢 里面人文气息很浓厚的 我觉得比厦门大学还美~,2017-03-31 16:39:10
5812,,牛牛牛。,/u/31956455.html,4,True,False,武汉大学确实很大。里面很多山路。我们没有用走的。做了校园里的巴士。2块钱可以从正门往校园里转一圈再回到正门。沿路可以随意下车。去的时候樱花还没有开。到了樱花季景色应该会很美,2017-03-06 13:18:49
5812,1,娃娃,/u/52121208.html,4,True,False,武汉大学，历史悠久，而且是学霸的天地，这个地方必须去走走看看，亲自体验一下武大的霸气。,2017-02-05 12:06:15
5812,1,明天开始不脑残,/u/58684622.html,4,False,False,大学很棒。但是门口的桂花糕千万不要买，坑钱比切糕还厉害！！！门口的桂花糕千万不要买，坑钱比切糕还厉害！！！门口的桂花糕千万不要买，坑钱比切糕还厉害！！！门口的桂花糕千万不要买，坑钱比切糕还厉害！！！门口的桂花糕千万不要买，坑钱比切糕还厉害！！！门口的桂花糕千万不要买，坑钱比切糕还厉害！！！门口的桂花糕千万不要买，坑钱比切糕还厉害！！！,2017-03-31 12:24:56
5812,1,bubble,/u/57558627.html,5,False,False,这辈子最爱的地方没有之一，好想回珈！又到了樱花季，在异国他乡选着复活节的旅游地点就翻到武大，想得要哭。武大的美不是校园大、有几座山、有个大湖、有些樱花树就能概括的，武大的自由之风、充满生气的学习生活氛围、同窗好友的亲密陪伴、无数的社团学习活动、点点滴滴的小事，在这生活的四年是永远深藏心中最美的时光。山水一程，三生有幸。,2017-03-26 04:47:49
5812,1,别宅尾巴ii,/u/48318529.html,5,False,False,"没有到过名校，体会不到名校沉淀几十年的学习氛围，武大的建筑都特别漂亮，古典大气，印象很深的是遇到的第一座学生宿舍，从外观看上去，就能感觉到很浓厚的文化气息。也许是因为个人原因，非常喜欢古风建筑。 武大门口就是东湖，凌波门很适合拍照。还可以租自行车环形。食堂要先办一张卡，然后买东西，不用了再退掉，最关键的是！！！好吃便宜好吃！！！！",2017-03-24 20:58:01
5812,,大骏哥哥,/u/10480983.html,5,False,False,说起武大，或许很多人的第一反应是樱花，确实，樱花慢慢地好像成为了武大的一个标志，但是，武大除了樱花，学校本身就是一个自然与人文结合的景点，武大的历史、建筑和风景，在全国所有高校中也是名列前茅，如果你只知道樱花，那可不行哦,2017-03-24 19:15:10
5812,,懒得想昵称的敏喵,/u/90498603.html,4,False,False,为中国的学生不会不知道的武大，全国最美的武大~与其其实预期说去武大看樱花，不如说成是借樱花之名去看武大。武大的樱花还是很美的，尤其是在武汉的建筑作为背景的情况下，但武大樱花节时也真的心疼武大的学生。希望武汉这座城能为武大提供更多资源吧~,2017-03-13 16:33:41
5812,1,磨人的小妖精,/u/46603625.html,5,False,False,说实话，我们去的时候真是人潮汹涌啊，虽然等到14号才开始正儿八经的樱花节，可是此时的樱园门口不敢说人山人海也可以说是接踵而至吧。去的时候多云，没有阳光，但依然觉得樱花娇羞可爱，别有一番风味，我觉得逛武大，只为了来看樱花一眼，大可以半天行程，如果是来感受武大的书香气和樱花的话，那么就该空出一天的时间，尽情体验这片芬芳土地的文化气息。只可惜我们当天去的太晚，第二天还想去，雨一直下的厉害，没有去成，照片也没有留下几张。很是让我生气。还有就是武大人员混杂，自行车管理不到位，净是没素质的人。受不了，大家小心。,2017-03-12 12:54:55
5812,,长颈鹿先森cao,/u/69769791.html,5,True,False,高等学府，能感受得到武汉大学的历史文化气息。,2017-02-21 17:55:25
5812,,阿言,/u/52322030.html,4,False,False,每到一个城市都去当地大学已经成了一个习惯，很喜欢武汉大学，虽然没有到樱花季，但武汉大学有她特别的美，像武汉那样，总觉得很大气，又有江湖气息。这里有当年的惨案发生地，现在仍然是学生宿舍，下面就是樱花路，有一种对比的惨烈的美。宿舍中间的路上还有依稀的血迹，就是让我们勿忘历史。樱花季去武大可能太挤了，平日里去也许能静静发现她不一样的美呢,2017-02-19 22:47:46
5812,,慧颖,/u/61143206.html,4,False,False,看一场人海，是每一朵樱花的梦想。大学四年，去武大看过两次樱花，第二次是大四那一年和五个舍友，那时的我们马上面临分别，相见遥遥无期，不懂形容当时的心情。游客有点多，可是漫天飞舞的樱花瓣，美得那样心醉，至今仍历历在目。,2017-01-11 15:28:28
5812,,不谈过往,/u/35104352.html,4,False,False,去的时候是晚上然后门口进去呢会有几趟校车是不同院的路线都不一样但是车旁边会有标识我也不记得有樱花的是哪一趟了本来去的时候已经没有樱花的不过来了武汉就想去一下然后想试一下食堂的种种原因没有大家自己注意时间噢,2017-01-03 15:33:24
5812,1,Simba_KG,/u/46716461.html,5,True,False,个人非常喜欢武汉大学，毕竟是国内的名校，校园里的气氛很好。虽然去的时候么有遇到樱花节，但是正好撞到国际文化节，挺有意思。觉得武汉大学可能是武汉最好的景点了。美中不足是武汉大学里的ofo自行车只对学生开放。,2016-11-23 10:33:28
5812,1,lican1521,/u/33174043.html,5,True,False,武汉大学是我高考时想报考的学校，但是自己没能如愿，却怎么也不能割舍对武大樱花的喜爱，你看它那娇艳的花朵，我喜欢她的美，与日本的樱花比起来，我觉得武大的樱花反而更让我心旷神怡，我爱她，以至于我爱上一个城市。,2016-11-14 15:12:46
5812,1,Carol,/u/44210045.html,5,True,False,"第一次去武大是在读大二的一个国庆节，与三位高中好友相聚，开心快乐。 第二次去武大是在六年前重游故地，亲切而熟悉。 期待第三次、第四次。。。与武大再重逢，相信那时定时不一样的感受，亦会留下不一样的记忆。",2016-11-08 20:30:54
5812,,范家vi子,/u/87372349.html,3,True,False,费劲千辛万苦才找到著名的樱花大道和旧法学院楼，一路上很多游客像我一样拿着手机按图索骥，因为校园里示意图、路标什么的太少了，校园又特……别……大，光足球场就好几个！！！当然可能也是因为我们没有从正门进，没有买手绘地图~但是，没开花的校园就没那么文艺了,2016-10-06 17:50:13
5812,,Full-灰原,/u/58184030.html,5,True,False,武汉大学凌波门出去就是东湖，沿东湖，骑单车，走走停停，很美…… 湖面上架起的东湖栈道，小心翼翼的走在上面，眺望远方，湖面倒映，吹着微风... 东湖栈道环起的还有露天游泳场，夏天傍晚去，带上救生衣，游个野泳，棒棒哒,2016-09-07 16:08:37
5812,,蚂蜂窝用户,/u/31100087.html,4,True,False,作为学生，来武汉终究要到这所全国富有盛名的学校参观一下。去时已经错过了樱花盛开的季节，没能一睹美景~但同样作为大学生，更加喜欢我们的校园，由于武汉大学的樱花的原因，武大已经围绕这个形成了一个商业链，校园各处都可见学生在摆摊卖纪念品，而没有一个名校该有的那种学习与研究的氛围，虽然不可否认学生可通过这些获得一定的生活费用，但终究武大是个高校，而不是一个商业化的景点！,2016-08-27 21:58:32
5812,,Better me 。,/u/47161462.html,3,True,False,武汉大学还是很美的，很大，然后很多上坡下坡，我有一次从凌波门玩完后看着地图穿越了整个武大，走的腿快废了，还有一次去的时候樱花都还没开，就有很多人了，樱花开的时候人更是爆满，打算再深秋的时候去看看，到处一片金黄，也是美的。,2016-08-20 15:05:29
5812,1,儒,/u/43364242.html,5,True,False,"1.就武大本身作为一所大学而言，对于学生党就很值得一去。武大作为一所百年名校，其历史底蕴十分厚重，校园内的建筑大都保存较好，保留有民国时期的特色，校园的学习氛围也很好。因此无论是大学生想要体验不同的校园风情，还是中小学生想要提前感受大学氛围，这里都是不错的选择。 2.武大的樱花是很多人慕名前去的原因，虽然我没能在樱花正盛的季节去到那里，但是小片的樱花已经是美不胜收，相比在恰当的时间前去樱园和樱花大道景色一定不错！",2016-08-04 14:28:53
5812,,海布里飘飘,/u/58049524.html,5,True,False,"早上从宾馆出发去武汉大学，其实距离并不远，但是我们知道武大很大，要走很多路，所以还是选择了打车。司机很热情的跟我们聊天，一直夸武大是武汉最漂亮的大学，还为我们来的季节不对看不到樱花而遗憾。 武大很多个门，我们下车以后朝里走，跟学生询问是最便捷的认路方法，我们穿梭在学校里，看到一种不知名的紫色花儿，中途还吃了顿小观园。 来一趟武大，总要看一看他的校门，武大的正门，正面写着”国立武汉大学“，反面为”文法理工农医“，很是大气。我们到的时候正好遇到一对情侣在拍毕业照，就把他们留在了照片里，希望他们不要因为毕业而分离，永远幸福下去。 武大真的很大，还有很多我们没有走到的地方，下一次等樱花盛开的季节，一定要再来花时间好好走个遍。",2016-07-09 14:12:34
5812,,＂Miss夢境〃,/u/19891362.html,3,True,False,刚开始以为会很美很美，但是去了有点小失望，可能是希望太大了，还有去的时候不是樱花开的时候都有关系，走到那找了好久没找到大门，结果发现就只是那么一块地、然后一直往里走就开始被蚊子咬了，回来的时候满腿都是了,2016-07-02 23:16:20
5812,1,小裕儿,/u/93413097.html,3,True,False,武汉大学没什么感觉，去的朋友们记得租自行车，不然你走不完的～自行车30元19点前还车，在校门口会有很多卖校园地图的如果为了做纪念可以买，如果是为了方便找学校的某个地方就不必买了，我买了反正我是没看懂地图,2016-06-20 18:19:54
5812,,期待一份真爱,/u/58390159.html,5,True,False,武汉2天一夜游。去武汉坐G596。前天先预定了布丁酒店。下午先去逛了黄鹤楼，接着去逛了辛亥革命博物馆，武汉长江大桥，晚饭在户部巷吃热干面。坐公交车去了江汉路步行街。第二天先去武汉大学，再沿着东湖走，湖北博物馆，湖北美术馆，东湖免费景点听涛景区。12点逛了楚汉河街，万达广场。午饭吃武汉特产糯米饭，然后坐4号线去火车站。回来坐G594回杭州。,2016-06-19 22:32:48
5812,,😘😳,/u/55093612.html,5,True,False,里面真的很棒，之前听说武大很大要游半天，结果问路的时候有个好心的姐姐把她的自行车🚲借给了我，大学里面的道路坡度还是有点陡，但是有公交车沿途会停站，骑自行车忽然看到前面就是超市快餐店什么的以为自己出来了真是紧张死了，但回头看到国立武汉大学的大门真的是一下子被吓住了，虽然看到过校门的照片很多次了但始终没有真正看到来得震撼！大学里面满满的学霸气息！,2016-06-11 16:28:46
5812,1,菲尔普斯王子,/u/51026900.html,5,True,False,武汉大学可是鼎鼎有名啊，没有围墙，全开放式的校园。建筑还保留了苏联的风格，非常有特色。校园环境异常优美，尤其是在教师居住区，看到了教授住的小别墅，一片郁郁葱葱中清静安逸，比商业别墅宣称的什么纯欧式洋房别墅惬意多了。本来想在食堂吃顿饭，当一回武大学生，只是太大了，找不到食堂在哪儿，呵呵！当时最大的感受就是我高中三年都干嘛了？,2016-06-06 17:41:07
5812,,吃土少女的日常,/u/610383.html,3,True,False,因为知道武大最主要的老斋舍、樱顶都在整修，对于去武大没有了那么多的期待。走下来的印象就是真大啊，从正门进去的走着走着就迷路了，走到了工学部宿舍区，一看地图居然横穿了武大，好吧本来没想走那么远的。也去过厦大，说实话我更喜欢厦大。,2016-05-18 13:08:25
5812,1,风轻轻,/u/40170420.html,4,True,False,武汉大学，简称武大，是一所位于中国武汉市的科研型综合大学，国家“985工程”、“211工程”、“2011计划”重点建设高校，武汉大学是中国著名的风景游览胜地，以樱花而闻名。学校坐拥珞珈山，环绕东湖水，中西合璧式的宫殿式建筑群古朴典雅，巍峨壮观，被称为“世界最美丽的大学校园”之一。能上这样学校太牛了！,2016-05-15 21:49:22
5812,,百事,/u/19121058.html,5,True,False,武汉大学真的很大 学校里居然还有摆渡车  要是你从武汉大学毕业你还是个胖子那你这辈子减肥是无望了 学校里绿化相当的好  老学区那里适合拍鬼片特别是老外楼那里  主楼那里现在在加固从老图书馆那里能望一望房顶  我感觉我去一趟武大就是徒步走去了,2016-05-14 12:30:29
5812,,CatYuxin,/u/75838768.html,4,True,False,武大名声在外，也是必刷景点之一了。但我觉得吧，与其去武大看樱花，不如去武大看建筑。花不多，游人多，热度超高，只能拍近景，想拍人在花丛中，只能拍很多人在花丛中。美轮美奂的建筑物反而受冷落，既有现代的设计感十足的博物馆等，也有老旧的居民楼、教学楼，总有一款适合你，爱怎么装怎么装，喔呵呵~,2016-05-04 12:34:58
5812,,小叶子,/u/83227173.html,4,True,False,武汉大学，和自己的学校比那真是好太多了，羡慕“别人家的”学校！！由于是十月份去的，所以武大著名景观----樱花，我们是看不到的，但走一下樱花大道是可以的。我们起初在校门口那，随便坐了一辆校内巴士，这辆巴士是我们的“观光游览车”，兜了好多地方。最后返回校门口，才知道校内巴士还分文理学部。刚兜的只是武大的一小部分。武汉大学很美，大树成荫，走在校园内，感觉心里很静，能在这么美的校园读书，真是种享受~~,2016-05-01 18:11:16
5812,1,董姑娘,/u/43419020.html,5,True,False,来武汉一定要去武大，这是我在空间发表的一篇说说，哈哈，可能会觉得我没见过世面，但是对于我这个北方女子来说，武大真的好美，大概是因为武大在武汉，整个武汉像个脾气温婉的小姑娘，穿着绿色的裙子，想洗澡的时候没有澡巾去买澡巾，竟然买不到，上网查了查才发现武汉是个南方城市，北方的朋友，来武汉一定要带澡巾哦，如果再给我一次机会我一定会考武汉大学的，就酱。,2016-04-29 11:12:46
5812,1,晓妍1124,/u/5608488.html,5,True,False,巍巍樱顶，悠悠珞珈。武大的樱花每年吸引了多少游客啊。武大做为中国最美的校园之一，除了樱花，还有那中西合璧的宫殿式建筑群古朴典雅、巍峨壮观。即使不是樱花季去，也能好好感受武大的人文气息。很遗憾的是这次去，武大在大规模维修。希望下次去能好好领略武大的美。,2016-04-23 20:30:00
5812,1,如歌的行板,/u/48352676.html,4,True,False,"最早知道武大,是因为兄弟在那读书,然后知道了武大的樱花是全国十大樱花观赏地之一.再然后就奔着赏樱的念头,和姐妹们去了一趟武大.但是我们去的时候不对,只有满地落樱.所以只好带着失望的心情,在校园内转晃.但是武汉大学作为一个老牌的大学,确实有它不错的地方.它是近代最早建立的国立大学之一,位于珞咖山边,环绕东湖边,建筑古朴,中西合璧.环境优雅.,有许多知名的教学楼,每年樱花盛开的时候,这里成了樱花的海洋.引来大批的赏花人.",2016-04-15 10:21:08
5812,,Mr.beat,/u/46845986.html,4,True,False,"武汉大学是十大名校，不光是他的教育度，更让他名扬中外的是他的樱花节，每年3月，樱花开放之际，这个美丽的高校吸引无数人前来赏樱，我们也是其中的一份子，但是我们去晚了，完全没有欣赏到浪漫的樱花，整体来说还是比较惨的。 乘坐公交之后顺着百度地图一直走，走了好远也不知道是不是武汉大学内部。走着我问了一下学生才知道已经到达，然后问了他们告诉我樱花已经没有了，但是我仍然想去樱花大道去看一看。顺着他们指给的方向一直走下去，就看到一个这样的建筑，貌似是一个图书馆，但是上面写着艺术展览上面的，应该是和武大合作的艺术展览。 然后继续走就是樱花大道，但是确实没有什么樱花了，就走在路上看到这样一棵树还觉得比较美，于是果断拍了一下。其他的话武大还有一些热带的树木，绿化覆盖率真是很大，校园美化也比较好。 学校内有当地人卖手绘武大的地图，还有武大的学生在操场踢球，我们去的时候还是周五，食堂人很多，而且还是需要买饭票的，比较混乱，我就匆忙离开了，感觉不如我们的食堂。因为没看成樱花我们都很失望，加上校园的面积之大，只想赶紧离开这个地方去东湖，于是我就百度地图开启导向，走了好久才走出武大，真的是太大了。 内部就有很多商店，差不多应有尽有，感觉不像是一个学校，更像是一个商圈。",2016-04-11 16:57:32
5812,1,啊哦~,/u/68634814.html,5,True,False,这次武汉之行的主要目的就是去武大看樱花啦~虽然早樱已经谢了，但是晚樱也是很美的，而且避开了看早樱的人山人海。风吹来时飘下的樱花瓣真是美得不要不要的~除了樱花，武大的建筑也是很有特色的，很多老建筑，很有感觉的。我花了半天的时间逛武大，感觉还有很多地方没去到，时间充裕的话可以花一天时间来逛逛，可以登上珞珈山顶俯瞰整个武大。,2016-04-11 08:18:31
5812,,筱熔2014,/u/68975168.html,5,True,False,"武大是中国十大最美校园之一，处处体现民国时期的建筑风格，见证悠久的历史沉淀。都说武汉大学最有名的是——武大的樱花大道，在3月底和4月底樱花盛开，会有很多游客。 武汉大学的绿化面积很大，这样的校园走起来特别令人心情舒畅~ 除了樱花开放的时期，武大参观不需门票，也不用登记，是完全自由开放的。有人说，武大不仅春天好看，有大片的樱花，秋天也好看，有大把的银杏叶，超美~有机会秋天还想来趟武汉大学！ 旁边就是东湖，武汉大学逛完后可以顺道去东湖景区玩玩。",2016-04-08 16:14:40
5812,1,-chinho,/u/5347125.html,4,True,False,漂亮，下雨天，美眉也很多，当地同学特别好，也很热情！,2017-03-30 11:56:02
5812,,00kaka00,/u/316558.html,5,False,False,樱花季 人真的很多 要早上早一点去 据说8点前不验票 我们是网上刷票预约的 提前3天,2017-03-27 11:59:55
5812,,Nico,/u/93882569.html,4,False,False,樱花挺美的，美到觉得都有点假了。然后主要是人有些多。樱花大道那边的花今年虽然没开好，可是博士生宿舍真的好好看。,2017-03-27 07:50:24
5812,,doud奶,/u/88377534.html,4,False,False,值得一去 可以看到很多历史建筑！从凌波门出去有条小桥可以拍照 人也不多,2017-03-23 22:50:10
5812,,花九OL,/u/36815054.html,5,False,False,很棒。校园面积很大，如果樱花节去估计更好，当然人也更多，拍照好去处呀。逛完出校门就是东湖，可以顺道把东湖看了。,2017-03-22 12:45:02
5812,,闲画军都,/u/587097.html,5,False,False,工作日去看樱花，人不少但是也算可以接受，风景很美，天气不大好，感谢辛苦的志愿者同学们，记得提前预约。,2017-03-21 21:44:59
5812,,Echo,/u/54300522.html,4,False,False,当时是去武汉看海的，雨太大，没有好好逛逛校园，樱花都被雨打落了。,2017-02-27 17:16:50
5812,,歪歪,/u/73765857.html,5,True,False,冬天的去，没有樱花，校园很大很美，很有历史底蕴，值得一去。,2017-02-23 09:09:20
5812,,-啊梅,/u/62166901.html,4,True,False,很多年前来过看樱花，这次看到的是桃花。大学环境还是不错的,2017-02-16 16:23:54
5812,,PACTY,/u/49298626.html,4,True,False,校园比较大，六七月份去比较受罪，太热了，校园里正好是毕业季。,2017-02-14 19:10:21
5812,,kris,/u/17386360.html,4,False,False,"学校好大!!有一种南方孩子到北方读书的感觉,要是自己考到这里,应该会很认真读书,感觉棒棒的",2017-02-09 12:12:11
5812,,CHH-Tao,/u/92701086.html,4,False,False,樱花节噶时候出係最靓噶 不过人头都好多 反正系入边踩下单车漫步下都几舒服噶,2017-02-06 10:25:08
5812,1,洋洋娃,/u/42762520.html,5,False,False,真的好大呀，坐校内公交绕一圈要20分钟。司机很热情，教我哪站下玩哪些景点,2017-02-04 14:34:29
5812,,茉莉香片,/u/493295.html,5,False,False,厦门大学和武汉大学，中国最美的几所大学之一。不过相比之下，我觉得厦大更加美丽一些。武大也很美。,2017-01-26 13:48:36
5812,,大喊大叫,/u/86645675.html,5,True,False,最有名的那个楼在整修，没看到。,2017-01-26 12:22:22
5812,,忆麦麦时光,/u/54577484.html,4,False,False,第一个正经八百去参观在大学是厦门大学，第二个便是武汉大学，大学很大，大学后门在东湖很舒服,2017-01-11 10:45:43
5812,4,贺先生,/u/870912.html,3,True,False,特地去了1933年立的国立武汉大学牌坊，已经湮没于市井！,2017-01-02 21:11:39
5812,,不认路的小学生,/u/46451423.html,5,False,False,武大和厦大向来并称“中国最美丽的大学”，校园很大很美，值得一逛，可惜两次去看樱花都错过了。。,2017-01-02 18:57:11
5812,,DaySi,/u/93723882.html,4,True,False,"来这里之后就后悔自己当时不好好学习了,武大很大呢,然后我们去了他们的星缘饭堂吃饭,超级便宜,又多品种,真心羡慕",2016-12-14 14:17:01
5812,1,潮汕人,/u/49662722.html,5,False,False,武汉大学（Wuhan University），简称“武大”，是一所位于湖北武汉市的综合研究型大学，其办学源头溯源于清朝末期1893年湖广总督张之洞奏请清政府创办的自强学堂，已有一百多年历史，1913年改名国立武昌高等师范学校， 1926年组建国立武昌中山大学，1928年定名国立武汉大学，是民国四大名校之一。1949年新中国成立更名武汉大学沿用至今。,2016-12-01 00:49:08
5812,,*Money,/u/81993556.html,5,True,False,211工程，很值得大家来一趟，估计走上一天都不是不奇怪的，因为太大太大了，逛到腿酸啊！！ 做好心理准备就对了！,2016-11-24 09:48:21
5812,,经济学说史,/u/19682830.html,4,True,False,校园范围非常大，步行是很难走完的，最好是骑自行车。个人感觉校园还是要在一定范围内建设，而且不能让太多机动车进出，以保持校园的宁静,2016-11-14 22:18:23
5812,,文化旅行爱好者,/u/30015172.html,2,True,False,对于一个在南京长大从小到大就看过太多民国各种著名大师设计的作品后，再来武汉大学看，可以讲没有任何感觉了，纯粹就是来签到的了,2016-10-29 15:34:52
5812,,蚂蜂窝用户,/u/78242341.html,3,False,False,武汉大学真的是太大了。虽说手机有地图，但是依然找不到路。出门在外一定不要仅仅依靠地图，一定要问当地人，问路。问路会使你少走许多冤枉路。在武汉大学，一定要去艺术馆，艺术馆本身的建筑是多边形的，美的有特色，里面不仅有名家画，楼上还有一个天台。最喜欢和最享受的就是坐在天台里聊天和俯瞰。在天台上不仅可以看到老图书馆，还可以看到珞珈山。棒棒达！去了武大，一定得去艺术馆。艺术馆不收门票，只要拿身份证给它刷一下，就可以进去了。武大的老建筑令人惊叹，最让人羡慕的就是，宿舍有古风，竟然有人在宿舍门口拍婚纱照。,2016-10-24 10:20:17
5812,,一只水里的喵,/u/5276313.html,5,True,False,"武汉大学的美是庄严的，满校的参天大树，历史沉淀，如长者瞩目，优雅肃穆。 背靠珞珈山，毗邻东湖水，赋予了这座名校不一样的生命力。",2016-10-17 08:34:45
5812,1,周三三,/u/85170722.html,4,True,False,由武大的同学带路的，不然自己乱走还真是会有点累。虽然说不是樱花的季节去的，但还是看到 一两棵开花的，武大的同学这两棵樱花树比较蠢，提前了那么几个月开哈哈哈。,2016-10-15 16:54:40
5812,,gentleemil,/u/62057893.html,4,True,False,国立武汉大学的招牌不是随随便便就能看到的。可惜季节不对，没看到樱花成片。单看美女其实也是蛮赏心悦目的。,2016-09-21 09:52:41
5812,,亦敏,/u/5322395.html,3,True,False,这个季节来武大樱花是没得看了，操场上孩子们在军训，看了好久，武大校园比起厦大那还是差很远，可能最美就是樱花季了，学校内有小公交车一次两元，站都离的很近，累了可以坐,2016-09-20 11:46:10
5812,,嗒嗒滴滴,/u/61102830.html,5,True,False,很大的武汉大学，可以在门口买份手绘地图这样会容易找，和闺蜜实在走不动了所以没逛什么地方，暑假期间人也不多,2016-08-31 10:49:20
5812,,Echo1900,/u/58571585.html,5,True,False,武汉大学的樱花名声在外，但我兴趣不大。喜欢那里是因为民国老建筑。跟清华大学的感觉有些像，是个很不错的地方。,2016-08-30 12:59:29
5812,1,山楂,/u/86423523.html,4,True,False,新旧融合的老牌大学，来武汉怎么也得来这地标性的地方打转，虽然过了樱花节，在这里依然会勾起不少大学的回忆。特别是那操场。,2016-08-27 16:53:32
5812,1,小江江,/u/64188844.html,5,False,False,武汉大学学子，这里是最好的地方，也是最坏的地方，或许只是因为母校情结，或许是武大的景色真的美得入心，每当我困顿烦闷，在校园里走一走，沿东湖跑一跑，心中也会宽慰许多，如果你想逃避世事，不妨在樱花大道走一走，不妨在东湖边发呆一整个傍晚。,2016-08-20 16:54:17
5812,1,lyh,/u/71871010.html,4,True,False,武汉大学从牌坊进去后直走，可以到鉴湖，向右是很有特色的几何形状的万林艺术馆，向左是鲲鹏广场，再上坡是老斋舍和樱花大道，两边种了好多樱花，老斋舍像个城堡，从阶梯上去是老图书馆。非常漂亮。,2016-08-07 12:12:26
5812,,背上向日葵,/u/50025799.html,5,True,False,民国时期建立的大学，，复古味儿很浓，，很喜欢，，只是樱花季，，人太多了！！满满的商业气息！！以后要避开樱花季等高峰期再来武大！,2016-08-05 09:48:41
5812,,Kingfore1998,/u/45979721.html,4,True,False,武汉大学是湖北知名高校，每年都会有樱花节，那个时候貌似是会收门票，我去的时候是八月份，没得樱花，学生也都放假了，不过还是一个很有文艺气息的高校,2016-07-19 14:29:06
5812,,少校MC,/u/48436087.html,4,True,False,武汉大学其实不需要多说，几乎去武汉旅行的都会去感受下这百年名校的风韵，而武大也确实没有让人失望，作为中国最美的校园之一，在这个地方读书绝对是一种享受,2016-06-29 09:48:36
5812,,FCBarca小麦子,/u/43160085.html,5,True,False,"全国最美的大学不是吹的，地方超级大，脚力不行的孩子们要做要心理准备哦！ 春天武大的樱花你们懂的！樱花节20RMB门票，其余时间免费",2016-06-29 00:04:40
5812,,帅宝宝,/u/92954722.html,4,False,False,去武大的时候是夏天了，没有赶上樱花季，小遗憾啊，但也为下次再去奠定了基础。武大面积很大，围绕着珞珈山而建，建筑也相当古朴。但是从外面看他们宿舍的环境就不敢恭维了，不过求学不是为了享受也是可以理解的。武大分几个校区，不过我去过一次也不是特别了解，只是当时去的时候走到另一个分校区，走了很多冤枉道。主校区也分樱花园，梅园什么的。春天时应该是格外美的，希望下回能美美的欣赏下，好好享受下校园的浪漫。因为校园范围很广，校园里有小公共车，比较旧，似乎是学校同学坐的。我当时想随便逛逛就没坐，后来相当后悔，只走到珞珈山旁边，没爬山，学校的另一侧没有见识到。又留有遗憾，期待下一次的感悟了。由于完全靠两条腿行走校园，体力消耗大，在武大随便找了个食堂吃饭。讲真伙食一般，而且南方米饭不太好吃，但食堂就是图个便宜，并借机体验一下武大的校园生活了。,2016-06-27 20:09:26
5812,1,◣如果還在,/u/93432936.html,4,True,False,武汉大学已经变成有旅游特色的一所大学，风景很不错，也很干净，大家的素质也都很好。比想象中的要大很多，里面有很多买旅游纪念品的小店，都是有武汉大学特色的纪念品。,2016-06-22 07:39:11
5812,,牛张氏,/u/93394823.html,5,True,False,清明假期去了武汉大学，正好赶上樱花盛开时分，人山人海，建议大家早点去，越到最后樱花衰败的时候就不像当初那么静谧了,2016-06-19 10:36:31
5812,,我心如钢,/u/65720178.html,4,True,False,武大挺大的，一般到武大可以先支牌坊拍照留念一下，时间松动就可以到处逛逛，感受下这历史悠久的高等学府的人文精神！,2016-06-15 13:43:03
5812,1,樱桃妹,/u/93192953.html,5,True,False,武汉大学，怎么说呢，遇到大雨了，唉，有点打乱计划，应该好好在武汉大学走走的。武汉一定要去武大，最好赶上樱花季或者冬天吧，我想会更有感觉。武大承载了很多，很有韵味。,2016-06-07 09:32:22
5812,,stonesmo,/u/49962342.html,5,True,False,全程很蒙的和在武大读研的小伙伴在校园游逛 就是很大 时而很有民国特色 时而又很市井街头 晚上坐在校门口的阶梯上喝啤酒 吹着温热黏黏的风 感受着身边涌动的青春气息 挺好 但是你单纯的逛校园 没啥意思,2016-05-25 11:59:22
5812,,Ann*z,/u/34472521.html,4,True,False,当时去的时候樱花是刚开的第一天这样，是要收取20rmb。进去以后，只能说人比花多。地铁线路应该是2号线。,2016-05-17 18:31:17
5812,1,BlueCamus,/u/42892969.html,5,True,False,武汉大学曾一度被评为全国最美大学，来到这里，走了一天也没走完，给我最深的印象就是大。很遗憾没看到樱花，现在开樱花的那座山处于封闭修建状态。能在这样有历史、有学术、有环境的大学读一次书真的很舒服。,2016-05-16 16:08:56
5812,,阿否,/u/19122410.html,4,True,False,不是樱花的季节去的，所以没有看到樱花……不过除了这一点校园还是很美的，宽敞整洁，绿化很好，教学楼也是厚重大气的历史建筑，羡慕还在这里念书的孩纸们。,2016-05-15 21:03:33
5812,,随想,/u/82286508.html,5,False,False,"春天的时候去的，周末室友突然说，耶，武汉大学樱花开了，我们去哪里看下吧~然后我们几个人就行动了，刚好周五下午没课，直接买的周五的火车票，一行6人（除了室友还有别的加入的小伙伴）直接就去了武汉，，，刚去的时候对那块不熟，加上坐车到武昌的时候本身就有点晚了，晚上老找不到我们预定的那家旅店。。。后来找到了那老板又说现在挺晚的了，我们以为你们不会来了，所以就把房间开给别人了，只剩一间房了。。。那时候还是挺生气的，她都没跟我们打招呼就把房间给别人了。。后来我们在商店买东西的时候遇到了以为热心大爷，找了一个离武汉大学比较近的宾馆~~然后第二天早上5点多起床，6点左右到的武汉大学，然后我们逛的时候感觉很好，人不多，空气也好（因为是早上），天气也不热刚刚好，，9点左右我们就撤了，，那时候一大波游客涌进来了，挤得要死，幸好我们那时候在出校门了。。。  武汉大学推荐，，去看樱花城堡，听说是个女生宿舍，住在里面的妹子真是幸福。。。买了些明信片，还有特色邮票，那里边上就有一个邮局，直接当场就写着寄朋友了，嘿嘿嘿~~另外就是拍了下他们田径场对着的一个武汉大学的门~~反正主要是氛围，樱花开的很好，天气很好，温度刚好，人流量不多，跟可爱的小伙伴一起，，非常开心！！",2016-05-04 15:02:25
5812,,Vincent文森特,/u/5390294.html,4,True,False,武大坐落在东湖湖畔，其实当时只是顺道也过来看看而已，并不是真正的游览，每年的3-4月樱花盛放的时候才是校园的最美季节,2016-05-01 20:33:22
5812,,桃之夭夭,/u/80154204.html,4,True,False,还不错 不愧是百年学府 各种有年代的树和房子 风景美美哒 就是没有吃上武大饭堂和想去的老楼装修被围起来了,2016-04-30 23:26:30
5812,1,草莓,/u/34301003.html,4,False,False,武汉大学简称武大，位于中国湖北省武汉市东湖湖畔珞珈山麓，是中华人民共和国教育部直属的重点综合性大学，中管副部级高校，国家“985工程”、“211工程”、“2011计划”重点建设高校，同时是“111计划”、“珠峰计划”、“海外高层次人才引进计划”、“卓越工程师教育培养计划”、“卓越法律人才教育培养计划”和“卓越医生教育培养计划”重点建设的中国顶尖名牌大学，是与法国高校联系最紧密、合作最广泛的中国高校，是世界权威期刊《Science》杂志列出的“中国最杰出的大学之一”。武汉大学是中国著名的风景游览胜地，以樱花而闻名。学校坐拥珞珈山，环绕东湖水，中西合璧式的宫殿式建筑群古朴典雅，巍峨壮观，被称为“世界最美丽的大学校园”之一。2016年2月，武汉大学在2016国内高校保研率排名中排第十六。2016年2月，中国一流大学百强榜出炉，武汉大学排名第五。,2016-04-29 20:51:47
5812,,b ab🇮🇹,/u/90168156.html,5,True,False,清明节假期去的.就小门有点🌸！没有在去找了，说是樱园有！但什么都没看到！坐了个校园内的小巴🚐两块钱一个人！校园内有卖那种手绘地图的。还挺不错的,2016-04-24 21:56:12
5812,1,一棵树,/u/52871050.html,4,False,False,武汉大学前身为清末湖广总督张之洞创立的自强学堂，1928年，更名为“国立武汉大学”。 武汉大学濒临东湖，环抱珞珈山，校园内绿树成荫，中西合璧的宫殿式建筑群古朴典雅，巍峨壮观，一批建筑如宋卿体育馆、樱园老斋舍、图书馆、半山庐等，被列为全国文物重点保护单位，住宿区还有桂园、枫园、樱园、梅园等四大名园。网评武汉大学为中国十大最美高校之一。 古朴的建筑点缀于茂密的树林之间，四季花开不败，走在校园里，花香鸟语。拿一本书，找一个安静的地方，重温青春时光。,2016-04-24 20:09:02
5812,,嫩嫩能,/u/52577732.html,5,True,False,春天的校园，别有一番风趣，处处充满生机。校园时代是每个人最无忧的时代吧。樱花大道旺季游客非常多，建议大家不必拘泥于此，随便走走你会遇见不同的美景。,2016-04-14 17:50:58
5812,,￡ㄌ￡,/u/85834971.html,3,True,False,特意星期一的时候请假去的，希望人少一点，但还是很多人，基本就是挤来挤去。本人的拍照水平有限，所以面对杂乱的背景拍不出什么好看点的照片。去之前才听说今年赏樱要预约，不收门票，多方打听之后下载了武汉大学的微信公众号，进行预约（当发现没有名额的时候，不要急，多刷几次也许就有了）建议可以去一次，去感受下武大的校园也好！,2016-04-14 17:12:35
5812,1,Ci稱,/u/41356034.html,5,True,False,因为来时匆匆，又没有好好做功课，进入武大走的是”旁门左道“，欣赏的也只是武大”冰山一角“。不过也不枉此行，走在绿意葱然的校园里，重温了已逝去的青春时光，已足以~,2016-04-12 14:10:28
5812,,SHIRLY,/u/90477035.html,5,True,False,我真的是要气死了！！樱园封掉了 然后樱花全部谢了 我真的是来错时间要哭真的！！！ 但是武大真的好大！！我的天 然后里面博物馆周一闭馆 一定不要周一去 不要问我怎么知道的 因为我周一去的 闭馆…,2016-04-12 07:35:46
5812,,Starain_L,/u/93289770.html,5,False,False,这才是大学的样子啊！！！此去更坚定了我复读的决心。,2017-04-08 22:51:05
5812,,小英哥,/u/896241.html,5,False,False,有历史底蕴的学校，氛围真的很好,2017-04-07 16:06:37
5812,,小泽圈圈,/u/60392021.html,4,False,False,第一次去时还在上小学，原来这就是大学的模样。,2017-04-07 15:18:32
5812,,CC,/u/5100952.html,5,False,False,骑车过去走马观花看了一下。但是没细看，因为人很多，而且骑车不方便。但是武大真的很大。,2017-04-05 10:26:09
5812,,完美主義,/u/35645923.html,4,False,False,没有赶上樱花季很遗憾，但是校园绿化给我留下了深刻印象,2017-04-05 08:40:15
5812,,松果,/u/77949602.html,4,True,False,3月下旬恰巧武汉大学樱花节，樱花节期间进入校园游览需要预约，而且要提前预约，预约途径是武大官网或微信公众号，武大实行双重门票检查，校门处检查一次，通往赏樱核心区域路口检查一次，由于出行没做好详细计划，错过了预约时间，网上看到攻略说早上七点前进入武大樱花园无需检查门票，特意起了个大早，终于看到传说中的樱花，奈何天气不是很好，看不出感觉。。。。。,2017-03-28 23:02:34
5812,,圆碌碌团长,/u/85898326.html,4,True,False,樱花节去凑了个热闹。刚好要去的那天是工作日，预约尚算顺利，然后可能还因为是下雨天，人虽然多，但不到拥挤的程度。武大成为热门赏樱地确实是有理由的，樱花大道、鲲鹏广场附近的樱花很漂亮，加上校园里的特色建筑，的确是赏心悦目。个人认为老斋舍一定要去，老斋舍本身已经是很值得一看的建筑，而且从上方赏樱很特别，绝对推荐。,2017-03-22 22:05:42
5812,,背包客Alf,/u/33635813.html,5,True,False,据说国立武汉大学最牛的是倒过来念——学大汉，武立国，四大国立名校之一，历史悠久，里面建筑也很多都古香古色，还有很多老宿舍有上百年的历史。,2017-03-19 13:03:24
5812,,Mr.J,/u/91477257.html,5,False,False,看妹子看妹子看妹子看妹子看妹子看妹子,2017-03-14 16:22:37
5812,,Ivy蔷薇,/u/58389257.html,5,False,False,很大的学校，可惜没赶上樱花季，只开了一小部分，但人已经超多了，等到樱花季肯定哪哪都是人,2017-03-09 17:22:08
5812,,丸子,/u/19067145.html,4,False,False,没有门票，天气冷 游人不多，，,2017-03-03 18:43:13
5812,,冥想的沙奈朵,/u/92939204.html,3,False,False,去的时候没有樱花，据说樱花很漂亮,2017-03-02 00:00:23
5812,,Daniel Jin,/u/49246138.html,4,False,False,在武汉的时候去过许多次，在山中。,2017-02-27 10:41:25
5812,1,傻瓜与野丫头,/u/71094447.html,5,False,False,樱花开的时候去玩的话会很美，虽然当时人会多一些，但很值得,2017-02-26 19:56:36
5812,,小鱼,/u/46667120.html,4,False,False,中国最美校园top10。学校坐拥珞珈山，环绕东湖水~,2017-02-23 22:53:02
5812,,游泳的鱼,/u/40950403.html,5,True,False,"第四站武汉大学。坐公交车，下车走了老远才进校园。【武汉公交叫“武汉大学”的站很多，我俩下车的地方根本看不到大门】太大了！根本就是武汉的一个区！有很多居民楼，市场，医院🏥，警察局，幼儿园，出租车，私家车，自行车🚲。还有那么多上坡，下坡。走得我儿都不想走了。 我俩冒雨走了40分钟才找到“樱花大道”和“老图书馆”。",2017-02-23 19:59:06
5812,,-啾啾Boom,/u/81764122.html,5,False,False,在学校里游玩，很有老牌学府的感觉。,2017-02-14 12:25:22
5812,,cg_jane,/u/50386825.html,5,False,False,武汉大学 不是樱花开的时候去的 也很美~很有底蕴,2017-02-08 12:39:36
5812,,一路向暖,/u/70775205.html,5,False,False,快四月去的，很多樱花都长了绿牙,2017-02-06 19:38:14
5812,,K.K,/u/57727670.html,5,False,False,满好的，挺不错，很给力，哈哈.,2017-01-30 23:52:58
5812,,走千走万,/u/87334717.html,3,False,False,真的好大啊，好美啊，只恨不在这里上学。,2017-01-27 12:12:33
5812,,Fan妮妮,/u/84286453.html,3,False,False,来游玩的人好多，可以在正门不远处租自行车游览，省时省力。,2017-01-27 11:17:17
5812,,索馬里的狗,/u/93651337.html,4,False,False,即使不是樱花季，校园风景也超美，推荐去武大的博物馆看看,2017-01-25 23:23:54
5812,,空对月,/u/36427970.html,5,True,False,不是在最好的季节来到这里，尽管是到此一游式的随便走走，还是感受到了这里的美。让人多少感到不快的是，在学校的角落里到处都是大量的垃圾，有的看样子都存在很长时间了。当时有些感慨，如果我在这里读书，应该会......,2017-01-12 09:52:20
5812,,妙子,/u/47401294.html,5,False,False,一个字，美美美美美美美美美美美美,2017-01-04 12:04:42
5812,1,TRAVELER,/u/41290136.html,5,False,False,国立武汉大学，无樱花，亦美好。,2017-01-02 21:24:18
5812,2,小猫,/u/93888933.html,5,True,False,武大不愧是中国十大最美丽的校园之一，坐拥珞珈山，环绕东湖水，即使在树木枯萎、樱花凋零的冬季，都挥不散其优雅和文化底蕴，其中西合璧的宫殿式建筑群一览无遗，巍峨壮观且又古朴典雅。但还是建议樱花开放的季节去，会更加美丽浪漫。,2016-12-28 09:56:39
5812,1,jeffrey017,/u/55137487.html,5,False,False,很美，曲径通幽，别有天地。3-4月的樱花季自不用说，平时进去走走也别有风味。,2016-12-26 17:41:21
5812,1,快乐游侠,/u/74267586.html,4,True,False,武汉大学是中国著名的风景游览地，学校坐拥珞珈山，环绕东湖水，占地面积5187亩，建筑面积262万平方米。中西合璧的宫殿式建筑群古朴典雅，巍峨壮观，堪称近现代中国大学校园建筑的佳作与典范，被称为中国最美丽的大学校园，武大樱花约在每年三月下旬开始开放。,2016-10-29 22:03:28
