pics,summary,tel,site,time,traffic,ticket,opentime,location,insides,id,name
5165,武汉大学前身为清末湖广总督张之洞创立的自强学堂，1928年，更名为“国立武汉大学”。 武汉大学濒临东湖，环抱珞珈山，校园内绿树成荫，中西合璧的宫殿式建筑群古朴典雅，巍峨壮观，一批建筑如宋卿体育馆、樱园老斋舍、图书馆、半山庐等，被列为全国文物重点保护单位，住宿区还有桂园、枫园、樱园、梅园等四大名园。网评武汉大学为中国十大最美高校之一。 古朴的建筑点缀于茂密的树林之间，四季花开不败，走在校园里，花香鸟语。拿一本书，找一个安静的地方，重温青春时光。,027-68755114,http://www.whu.edu.cn,2-3小时,在武汉到武大的公交车很多，乘317、413、515、519、552、564、572、587、591、608、724路在八一路珞珈山下车即可到达。,武汉大学在每年樱花季时期会向外来游客收取20元参观票，其余时间免费。,全天开放,武汉市武昌区珞珈山路16号,武汉大学樱花节,5812,武汉大学
2480,武汉长江大桥古香古色，一年四季，春夏秋冬景色各有千秋，春天凉爽，江风宜人；夏季气候炎热，傍晚伫立桥头凝望海天交接，心情疏爽；秋季硕果时节，看无限夕阳；冬季，要是有偶尔的小雪，站在桥头，感觉世界分外妖娆。 武汉长江大桥是新中国成立之后在长江上修建的第一座大桥，其正桥八墩九孔，每孔跨度达到128m。正桥钢梁由平弦菱形连续梁组成，钢梁设计三联，每联三孔。50年来，历经风雨沧桑的武汉长江大桥，巍然立在大江之上，肩负着每分钟60多辆汽车、每6分钟一列火车通过的荷载，经受了无数次洪水、大风的洗礼，更承受了76次碰撞事故的考验。专家最近检测得出的结论是：大桥的桥墩、钢梁等主体结构可使用100年以上。 自1955年建成以来，就经历过2001年一次比较大型的翻修，在武汉的众多桥梁之中，它是最可靠，维修最少的桥梁。,,,1小时,公交  乘坐11、 18、 25、 43、 514、 539、 542、 554、 566、 572、 573、 578、 607、 717、 804、 916路公交车至【临江大道平湖门】站下车即到。   自驾  从武汉站自驾车前往，全程约19公里。   步行  从黄鹤楼沿黄鹤楼南路步行至大桥，全程约800米。,免费参观 大桥桥头堡内有电梯，2元/人/次,全天,武汉市武昌区临江大道与滨江大道之间,,5803,武汉长江大桥
3182,位于武汉市东湖畔的湖北省博物馆，是我国重要的国家级博物馆，馆藏文物丰富。最值得看的是四大镇馆之宝：1978年出土于“曾侯乙墓”的曾侯乙编钟，音域宽广，音色优美，可以演奏中外各种乐曲，它的出土，改写了世界音乐史；中国冷兵器时代的精品之作越王勾践剑，至今锋利无比，在它边上展出的是“吴王夫差矛”，生前两人是死对头，死后两人的兵器“在一起”；郧县人头骨化石的地质年代距今约100万年，早于北京猿人的头骨化石；元青花四爱图梅瓶，是元代青花瓷中极其罕见的精品。“元青花”制作精美而传世极少，反映人物图案的器物更为罕见。,027-86794127,http://www.hbww.org/,2-3小时,公交   1、乘坐14、108、402、411、552、578、701、709路至【省博物馆】站下。  2、乘坐605、709、712路至【黄鹂路】站（湖北日报对面）下。,免费开放，编钟定时演奏：30元，每次表演20分钟；每日上午10:30、11:30和下午14:30、15:30各两场。,周二—周日9:00-17:00（15:30停止入场），周一（除国家法定节假日除外）闭馆。,武汉市武昌区武昌东湖路156号,,6221,湖北省博物馆
4311,黄鹤楼位于武昌江畔，紧邻长江大桥，有“天下江山第一楼”的美誉，是地理上武汉的中心。因为建于蛇山之上，再加上5层的楼高，以及周边无高层建筑，所以这里的视野非常开阔。除了黄鹤楼之外，景区内还有大量的石碑、石刻，都是历代名人的真迹。这里绿化非常高，不行在山间非常惬意。每天在落梅轩还有楚地特色的编钟表演，时间分别为10:00，11:40，14:20，16:00，表演免费。,027-88871394,,2小时,电车1路、电车4路，公交10、61、64、108、401、402、411、413、584等路到黄鹤楼站下。或者乘车在阅马场下车（参见首义广场交通）,A.免票政策：儿童在1.2m以下免票，70周岁以上的老人（凭身份证或老年证）免票，现役军人（凭现役军人有效证件）免票、残疾人（凭残疾人证）免票 B.优惠政策：身高1.2-1.4m购儿童票40元，60-69岁的老人（凭身份证或老年证）预订老年票40元，（本科及以下）持有效学生证购票40元,07:30—18:30(4月1日至10月31日)；07:30—17:30(11月1日至3月31日,湖北省武汉市武昌蛇山,,5426285,黄鹤楼
2025,汉东湖风景区位于武汉市城区，景区面积73平方公里，是中国最大的城中湖。主要游览景区有磨山景区、听涛景区、落雁景区、吹笛景区（马鞍山森林公园）、东湖樱园、东湖鸟语林等。在这里可以与自然亲密地接触，可以呼吸到新鲜的空气，每天早晚都有自行车爱好者在这里骑车环湖。,027-86773706,,3-4小时,公交  1、乘坐22路公交车可直达东湖风景区。  2、乘坐14、108、402、534、537、578、605、777、810路公交车可达东湖听涛景区。  3、乘坐401、402、413、515、643路公交车可达东湖磨山景区。   出租车  武汉有两种出租车，一种是富康和爱丽舍车型，起步价6元/2公里，8元/3公里，之后1.4元/km；另一种是新款东风雪铁龙凯旋车型，起步价8元/2公里，之后1.6元/km。另加收2元燃油附加费。,听涛景区免费，磨山风景区60元，落雁景区13元，马鞍山森林公园旺季20元，淡季10元（每年3月11日至6月10日、9月11日至12月10日为旺季）； 磨山索道（单/双）：15/25元,东湖风景区内各景点开放时间略有不同。   听涛景区：8:00-17:00；磨山景区：7:30-17:00；落雁景区：8:30-17:00  湖北省博物馆：9:00-17:00（15:30停止入馆，每周一闭馆）  马鞍山森林公园：8:00-17:00（冬季）、8:00-17:30（春、夏、秋季）,湖北省武汉市武昌区沿湖大道附近,,5774,东湖
4273,这条普普通通的街区，仅有一千二百米，居然集中了几十处近百年的老建筑物：教堂、医院、学校、名居、花园、领事馆等等。这些百年前的老建筑物虽然经历了一个多世纪的沧桑，却在历史的长河中钩沉发微，折射出历史的光泽和心酸。它的一砖一石，勾勒出武汉城市发展的轨迹；它的轶事旧闻，反映了武汉市历史上的风云变幻；它的别致名居，记录了武汉多姿多彩的风土人情。,,,2-3小时,昙华林的范围比较大，所以过去的公交车很多，主要有以下三大类选择：乘11 、14、18 、19 、514 、515、521、529、530 、539 、542、554、566 、572 、573 、607路等20条公交车到司门口；乘15、34、43、 315、554、576路公交车中山路积玉桥；乘11、511、514、530、539、542、584、606、607、717、729、804路公交车到和平大道积玉桥。 此外、也可乘地铁2号线在螃蟹岬下车，然后步行至昙华林。,免费,全天开放,武汉市武昌区花园山附近,,6163,昙华林
599,江汉路始名于20世纪30年代，曾有“车马如梭人似织，夜深歌吹未曾休”的诗名来形容它，也有“小香港”的提法。在此，还可见30年代遗留下来的西洋建筑，曾是有名的商业门点集中区。 江汉路经过几十年的发展，现在成为汉口最繁华的区域之一，人流量大，店铺达400余家，其中有经营特色的专业店和老字号90多家，近30个行业。老字号的包括解放前繁盛一时的人民饭店、璇宫饭店、孙中山亲笔所书“精益求精”店名的精益眼镜店、为抵制日货而开的国货百货大楼，现名中心百货大楼、专卖洋钟表的亨达利钟表店、冠生园、华康副食、滋美食品厂、武汉中药店、四季美汤包馆。 这里也是武汉的美食聚集地，各类中餐、西餐、韩国烧烤、日本料理、火锅、快餐、各地风味美食只有你想不到没有你吃不到。,,,1-3小时,1. 乘坐地铁二号线，在“江汉路”站下车即到。 2. 在市区乘坐1、2、7、24、38路公交车在“中山大道江汉路”站下车就到。乘坐290、526、553路公交车在“京汉大道江汉路”站下车即到。,无需门票,全天,武汉市江汉区江汉路,,35611,江汉路
592,武大的樱花，3月下旬至4月初樱花开，门票20元，其他时间免费。,,,半天,,门票20人民币,3月下旬至4月初,从武汉大学正门进，也就是“国立武汉大学”牌坊，进去,,5778,武汉大学樱花节
932,磨山景区，居东湖中心，三面环水，逶迤六峰，是东湖风景名胜区的六个景区之一。古朴、恢宏的楚文化旅游区位于磨山景区内：仿古代章华台而建、可与江南三大名楼媲美的楚天台；反应先秦时期国家象征的楚城城门；被楚人视为真善美化身的凤凰（铜雕）；古楚国人进行商贾贸易的楚市；比泰山御字碑还大、毛泽东手书的“离骚碑”；展观楚国八百年风云历史中的名君、名相、名人、名事的“唯楚有才”雕塑园等等。这些景点文化内涵丰富、建筑艺术精湛，在全国独有。,027-87910179,,2-3小时,公交  1、乘坐401、403、643路公交车至【鲁磨路梅园】站下车即可。  2、乘坐402、413、515路公交车至【东湖东路梅园】站下车即可。,成人票60元  优惠政策  1、1.3米以上儿童、60-70岁老人、学生30元。  2、1.3米以下儿童、70岁以上老人免票。,7:30-17:00,湖北省武汉市东湖生态旅游风景区内（中国地质大学北部）,东湖樱花园,5811,磨山景区
1945,这里是辛亥革命第一枪打响的地方，其主体分为南北两个广场，北广场是原为清末湖北省谘议局，武昌起义成功后，革命党人在这里成立军政府，一度代行“中华民国中央政府”职权，现为辛亥革命武昌起义纪念馆；因其主体建筑为红色楼房，因此又被称为“红楼”。南广场是为纪念辛亥革命一百周年新修的广场，其间矗立着一个红色三角形建筑为辛亥革命博物馆。,027-88877172;027-88875306,,1小时,公交 1、乘坐61、222、503、519、522、536、537、596、608、703、728路公交车至【阅马场】站即达 2、乘坐10、61、108、401、电1、电4路公交车至【黄鹤楼】站下，再向东南方向步行月200米即可。,辛亥革命纪念馆，免费，每30分钟免费派发35张票。但必须登记个人信息； 辛亥革命博物馆，免费，在广场票亭凭个人有效证件领取参观券。,辛亥革命纪念馆，周二至周日，每天9：00-17：00，16：00起停止入馆； 辛亥革命纪念馆，每周二至周日，每天9:00-17:00，16：00起停止入馆，领票时间为开放日的9:00-11:30；13:00-16:00。,湖北省武汉市武昌区武珞路1号,,5807,武昌起义军政府旧址
2163,佛殿仿照缅甸阿难陀寺建造，是一座典型的具有浓郁异域建筑风格的寺庙。是汉传佛教唯一、世界仅存两座此类风格的佛教建筑之一，具有重要的宗教、建筑和文化历史价值。 它隐匿在城市的高楼之中，是一个很多武汉人都不知道的地方，所以香客极少，可谓真正的佛门清净地。对于喜欢清静、对建筑有兴趣的游客来说，是不可错过的地方之一！,027-82907553,,1-2小时,乘车30、电3路，电2路，到工农兵路国宾酒店站下，往前步行可以看到育才高中，走过育才高中可以看到一个岔路口，从左边路口往里走50m左右就到古德寺了； 也可以乘坐轻轨一号线，在“头道街”站下。下了天桥到路北，往西进入一条南北走向的小巷新建街，北走至上滑坡。沿上滑坡走到工农兵路东转，可以见到古德寺的正门。,进门需要交香火钱，有三种：8、15、38元，分别对应不同大小的香，每人三支。,7:00-17:30,武汉市江岸区解放大道黄浦路75号,,5798,古德寺
1069,汉口江滩位于长江武汉市区北岸，面积160万平方米，与沿江大道景观相邻，与龙王庙景点相连，与江汉路步行街相接，与黄鹤楼景区相望，与长江百舸争流相映，构成武汉市中心区独具魅力的景观中心。  汉口江滩是公园性质的市民休闲场所，与武昌江滩和汉阳江滩一起成为世界上最大的城市内部公共休闲场所。汉口江滩除了一排类似上海外滩的租界建筑外，最有名的就数深秋的芦苇了。江滩芦苇主要分布在长江二桥附近，连绵4km左右，最宽处有一百多米。在城市的中心地带有如此壮观的芦苇丛，这在中国大城市中绝无仅有，已成为武汉一道靓丽的风景。每年深秋（10-12月），芦花盛开，伴着滔滔江水，十分壮观，游人不绝，许多新人也在此拍摄婚纱照。,,,2-3小时,在武汉市区有多部公交车可以到汉口江滩。可以乘坐1、30、212、502路公交车在“沿江大道三阳路”站下车；或者乘坐30、68、212、248路公交车在“沿江大道粤汉码头”站下车；或者乘坐9、30、56、68、207路公交车在“沿江大道武汉港”站下车即到。,无需门票,全天,武汉市江岸区沿江大道,,6153,汉口江滩
795,位于汉阳归元寺座落在武汉市汉阳区翠微路西侧。清顺治十五年(1658年)，由浙江僧人白光、主峰来此创建。取名“归元”， 出自佛经《楞严经》归元无二路，方便有多门”。归元即归真，就是超出生灭之界，还归于真寂本源的意思。在佛教中，归元寺属于曹洞宗(该宗系禅宗五家七宗之一)，故又称归元禅寺。它与宝通寺、溪莲寺、正觉寺合称为武汉的四大丛林。,027-84844756,http://www.guiyuanchansi.com.cn/,1-2小时,到归元寺门口的只有一辆车401。另外可以选择乘坐45、532、559、727、728等车在鹦鹉大道西大街下车，步行600m抵达归元寺,10元 在黄金周期间，票价有可能会上浮,8:30-17:00，每年春节期间会延长开放时间,武汉市汉阳区钟家村翠微路6号,,5434154,归元寺
1388,"晴川阁，又名晴川楼，位于武汉市汉阳区晴川街，坐落在长江北岸、龟山东麓的禹功矶上，北临汉水，东濒长江。晴川阁与武昌黄鹤楼夹江相望，江南江北，楼阁对峙，互为衬托，蔚为壮观，有“三楚胜景”之称。 晴川阁始建于明代嘉靖年间，其名取自唐代诗人崔颢诗句""晴川历历汉阳树""。因与对岸黄鹤楼隔江对峙，相映生辉，被称为""三楚胜境""。",027-84710755,,1小时,乘30、108、248、531、532、535、553、559、561、648、711、803路到晴川阁下车即达,免费，只需登记即可,9:00-17:00（16:30停止发票）。每月第二周的周二闭馆整修一天（国家法定节假日除外）；每周四15:00闭馆。,武汉市汉阳区洗马长街86号,,31630,晴川阁
727,东湖樱园是除了武汉大学之外武汉赏樱最佳去处，每年3月满园樱花盛开，无数游人聚集于此。,027-87510139,,,,与东湖磨山景区相连，属于一个景区。,,湖北省武汉市洪山区鲁磨路,,35616,东湖樱花园
142,华中科技大学位于长江中游楚文化发祥地——武汉市，由原华中理工大学、同济医科大学、武汉城市建设学院合并成立，是全国重点大学、“985工程”、“211工程”、“2011计划”首批重点建设高校，被称作“新中国高等教育发展的缩影”。校园占地7000余亩，依山傍水，绿草如茵，树木葱茏、环境优美，景色秀丽，被誉为“森林大学”，是读书治学的理想园地。,027-87541114,,1小时,乘坐15路、18路、25路、340路、510路、513路、518路、518路通宵车、518区、521路、536路、591路、613路、702路、703路等在“珞喻路关山口”站可到。,免费,全天,武汉市洪山区珞喻路1037号,,5785,华中科技大学
210,武昌江滩充满了朴实的本地生活气息。 在夏日的夜晚，很多市民来这里吹吹江风，看对面汉口江滩的夜景，或者放风筝、抽陀螺和锻炼身体。,,,1-2小时,公交： 乘坐16路、43路环线到【临江大道大堤口】站，下车即到。 乘坐15路、343路、576路到【中山路大堤口】站，下车即到。 乘坐11路、15路、43路环线、343路、514路、530路内环、530路外环、539路、542路、554路、566路、576路、607路、804路到【中山路解放路】站，下车步行470米即到。  出租车： 武汉有两种出租车，一种是富康和爱丽舍车型，起步价6元/2公里，8元/3公里，之后1.4元/km；另一种是新款东风雪铁龙凯旋车型，起步价8元/2公里，之后1.6元/km。另加收2元燃油附加费。,无需门票,全天,武汉市武昌区临江大道武昌江滩,,3302431,武昌江滩
252,,,,,,,,湖北省武汉市江岸区沿江大道与江汉路交汇处,,6630975,江汉关大楼
97,珞珈山位于中国湖北省武汉市武昌中部，东湖西南岸边，由十几个相连的小山组成。珞珈山海拔118.5米，为东湖南岸临湖最高峰，山顶可远眺东湖全景和武汉景色。珞珈山属亚热带湿润季风气候，四季明显。珞珈山植物茂盛。大部分种类的植物都是国立武汉大学建立后引种的。,,,2小时,,18.00元,08:00~17:00,武汉市武昌区,,6222,珞珈山
349,中国科学院武汉植物园创建于1956年，是集科学研究、物种保存、科普教育和休闲旅游于一体的国家三大核心植物园之一，收集栽培了以华中地区资源植物和我国内陆水生植物为主的各类植物10293余种，是华中地区最丰富的植物物种多样性与种质资源保存基地，拥有全球最大的水生植物资源圃和猕猴桃种质资源圃。武汉植物园为国家AAAA级风景旅游区，先后被评为全国科普教育基地、全国青少年科技教育基地、湖北省和武汉市科普教育、环境教育及爱国主义教育基地。（1）荷兰郁金香展华中地区展出面积最大、品种最全的郁金香花展将与春节前夕在武汉植物园举行。本次郁金香花展共展出‘夜皇后’、‘王子’、‘天使’、‘普瑞斯玛’、‘城市之花’、‘艾伦妮公主’等60多个欧洲最新品种，近百万朵红似火、黄如金、白似雪，千姿百态，文雅高贵的郁金香芬芳满园，与湖岸风车、别具特色的木鞋造型互为点缀，让你身临其境，荡漾在花的海洋中，带你走进大洋彼岸库肯霍夫般的童话春天。本次花展将持续到4月份。（2）兰韵天城兰展世界各地缤纷绚丽的热带兰花汇聚一堂争奇斗艳，将武汉植物园葱茏的热带雨林景观装点得更加美丽。在热带兰花精品展区，来自美国夏威夷、哥伦比亚、马来西亚、新加坡等地的兜（兰）王、兜（兰）后、蜘蛛兰、章鱼兰、蜈蚣兰、鸽子兰珍奇兰花均是首次与市民见面，在寒冷冬季品赏这些浓艳的热带植物，别有一番滋味。（3）中华桃花卉展　 02俗话说“谷雨三月赏牡丹”、“三月桃花俏”，武汉植物园运用花期调控，使得代表吉祥、富贵、昌盛等寓意的桃花提早开放。桃花将纷纷开花，多达24个品种，从花期最早的山桃花，到最晚的绛花碧桃，姿态各异、绚丽多彩，可持 交通,027-87510783,http://www.whiob.ac.cn/,2-3小时,,成人票40元，1.2米以下免票 ，1.2米以上学生凭学生证半票，老年票、军官票、记者票、导游票须凭证免票。,8:30—17:00。,湖北省武汉市武昌区鲁磨路北端特一号,,5429419,武汉植物园
848,“汉阳造”艺术区，又名“824创意工厂”，地处武汉龟山脚下。艺术区所用的废弃工业厂房，原为中国洋务运动时期张之洞汉阳兵工厂和824工厂的一部分。武汉824工厂为新中国的代号军工厂，和北京798工厂有着类似的历史背景。 园中随处可见涂鸦、行为艺术、创意雕塑，也有婚纱摄影店、咖啡馆、葡萄酒窖、陶艺馆、创意店，还有一家LOFT青年旅舍......,,,1小时,乘10、 64、507、 524、542、598、608、609、701、703、705、706、806等到鹦鹉大道古琴台下车，向龟山方向走，见到沿龟山而去的龟北路，走过去，便是“汉阳造”了。,免费,全天,汉阳区龟山北路1号,,35620,汉阳造艺术区
214,,027-59511208,,2小时,,免费,全天开放。,湖北省武汉市江岸区沿江大道,,6630965,江滩公园
372,武汉欢乐谷占地约35万平方米，于2012年4月29日开园迎宾，由梦想大道、卡通工厂、欢乐时光、极速世界、渔光岛、羽落天堂、飓风湾、 欢乐江城等八大主题区域组成，全新设置了100多项娱乐体验项目，包括30多项游乐体验设备、40多处生态人文景观、10多台文化演艺精品和20多项主题娱乐游戏，精彩诠释多元欢乐。,027-88518856,http://wh.happyvalley.cn/index.html,1天,乘公交到华侨城公站下车即到,成人票180元，儿童票/长者票110元（儿童1.1m-1.4m;长者65岁-70岁），大学生票140元（全日制在校大学生，不包含研究生、自考类、成教类、网络招生类、继续教育学院类、港澳台三地大学生），免费（70岁以上，1.1m以下，普通残疾人1-3级伤残，军残证1-6级凭证免费入园，其他的残疾人凭有效证件购110元优惠票入园）,周一-周五:9:30 -18:00  周六、周日:9:00 -18:00 （有时候有夜场）,武昌区东湖生态旅游风景区欢乐大道196号,,5428428,武汉欢乐谷
299,,,,,,,,武汉 汉街,,3314976,汉街
46,,,,,,,,位于武汉长江大桥下游6.8公里处,,9926,武汉长江二桥
564,黎黄陂路是以辛亥革命领导人黎元洪来命名的，黎黄陂路两侧仍保留了大约17处租界时代遗留的欧式建筑，包括华俄道胜银行旧址、俄国巡捕房旧址、中华基督教信义大楼旧址、美国海军青年会旧址、俄租界工部局旧址、高氏医院旧址、基督教青年会、顺丰洋行、邦可花园、惠罗公司、巴公房子、首善堂和万国医院旧址等。,,,1小时,可乘559、588、598、707、711路到黎黄陂路站下车即到,免费,全天,湖北省武汉市江岸区黎黄陂路,,35815,黎黄陂路街头博物馆
438,相传春秋时期楚国琴师俞伯牙在此鼓琴抒怀，山上的樵夫钟子期能识其音律，知其志在高山流水。伯牙便视子期为知己。几年以后，伯牙又路过龟山，得知子期已经病故，悲痛不已的他即破琴绝弦，终身不复鼓琴，后人感其情谊深厚，特在此筑台以纪念。,027-84834187,,0.5小时,乘10、 64、507、 524、542、598、608、609、701、703、705、706、806到鹦鹉大道古琴台下车，步行400m就可以到达古琴台。,15元/人。,8:30-17:00,琴台大道10号,,5805,古琴台
177,光谷步行街3期的意大利风情街，位于1350米光谷步行街的核心地段，也是整条街建筑艺术的精华篇章。文艺复兴式的意大利艺术建筑，婚庆街、酒吧街等浪漫主题定位，为刚猛的大武汉带来前所未有浪漫柔情。来自米兰市中心的多莫大教堂，来自罗密欧与朱丽叶故乡的爱情纪念墙，来自威尼斯街头的音乐喷泉，来自古罗马广场的人物雕像，来自托斯卡纳的建筑风情。,,,,"702、703、536、518、540、581、728等20余条公交线路通达武汉三镇，地铁2号线江南起点站在步行街下，中环线通车后，从光谷直达汉阳汉口，到天河机场50分钟左右；地铁2号线武昌起点站,地铁2号线",,,湖北省武汉市洪山区武昌东湖开发区光谷广场东光谷步行街,,6930442,意大利风情街
175,位于武汉市黄陂区北部的木兰生态旅游区，总面积947平方公里，距武汉市区中心约50公里。该区包括6个乡镇和2个风景管理区(即木兰乡、长轩岭镇、姚家集镇、蔡店乡、李集镇、王家河镇、木兰山风景管理区、木兰湖旅游度假区)。区域内名胜景点众多，独具木兰人文特色。2001年黄陂被评为湖北省优秀旅游区。木兰生态旅游区被列为中国二十一世纪议程优先发展项目。优美的生态环境，孕育了丰富多彩的动植物群落，极具持续发展潜力。目前，木兰生态旅游区初具规模，呈现出社会生态效益和旅游经济效益良性互动发展的良好势头。,027-61518928,,1天,,80.00元,07:30~17:30,湖北省武汉市黄陂区,,5434165,木兰天池
101,,,,,,,,武汉市武昌区彭刘杨路,,35614,首义文化公园
57,华中师范大学（Central China Normal University），简称华大、华中师大，华师，坐落于湖北省武汉市武昌南湖之滨的桂子山上，是中华人民共和国教育部直属的综合性全国重点大学，是中国教育部直属重点高水平、研究型综合性大学；是中国武汉著名的七校联合办学高校之一，是首批列入中国“211工程”和“985工程优势学科创新平台”；“111计划”即高等学校学科创新引智计划高校之一；“千人计划”即海外高层次人才引进计划高校之一；国家六所重点综合性师范大学之一；国家师范生免费教育试点高校；是国家培养中、高等学校师资和其他高级专门人才的重要基地，国家首批批准的具有博士、硕士学位授予权的单位，2009年正式成立研究生院。,,http://www.ccnu.edu.cn/,,,免费,全天,湖北省武汉市洪山区 珞喻路152号,,5690787,华中师范大学
94,始建于1914年。前身为一私家花园，名曰“西园”。1927年收归国有，1928年为纪念孙中山先生而命名为“汉口中山公园”。既现在的武汉中山公园。武汉中山公园占地32.8万平方米，其中水上面积7万平方米，是武汉市历史悠久的文化休憩公园。。绿地率91%，古树名木140株。景观功能分前、中、后区。其中西合璧的园林风景，淳朴隽永的人文景观，惊险有趣的游乐项目一直受到广大游人的赞誉。始建于1923年，后几经扩建，园内有湖心亭、深秀亭、回瞰阁、落虹桥、步桥、游泳池、人民会尝儿童运动常图书阅览室、梅花园、动物园、岩石园等。现在的公园分前、中、后三个景区。基本保留了建国前的园艺格局：人造湖、假山、楼台亭阁及网球尝溜冰尝中山科技馆、日晷、张公亭、四顾轩、落虹桥等巧布其间。中区主要有观鱼池等景点。后区较宽阔，辟有草坪、梅山、岩园、楼山等小区，并设有“三峡屏”、“啜茗轩”、“霁雪楼”等景观及西游记宫、水上世界等。全园有花卉160多种，共1.5万余盆，其中菊花佳品最多，年产万余盆；还有成型树木1.2万余株，使园内绿树成荫，空气清爽。,027-85780746,,2小时,,门票2元，纪念堂5元,,武汉市汉口江汉区解放大道1265号,,6218,中山公园
223,武汉极地海洋世界是目前国内唯一的多层多馆组合式室内极地海洋主题公园。场馆的外型犹如一只巨大的白鲸，跃入江城武汉。内有极地与海洋珍稀动物和鱼类（帝企鹅、北极熊、伪虎鲸、白鲸、海象、海豚等）的展示、表演与互动。是体验南北极和海洋风貌，感受极地海洋文化梦幻之旅的最佳选择。,027-85699999,http://www.hcwhjd.com/,1天,海昌武汉极地海洋世界位于东西湖区三环线盘龙大道出口处，目前可直接到达该景区的公交线路为35路、216路、290路、291路、296路、563路。或者地铁二号线金银潭站 转乘216路。,极地海洋世界门票实行一票制，定价150元；优惠人群：1.2m以下儿童免费（一个大人只能带1名免票儿童），1.2-1.4m儿童半价；60岁以上老年人、残疾人凭有效证件半价优惠。,9:00-18:30,湖北省武汉市东西湖区金银谭大道96号,,5614889,武汉海昌极地海洋世界
166,,027-87116188,,,,,,武汉市武昌区第一街区楚河汉街21号,,7047467,武汉杜莎夫人蜡像馆
221,居全国四大梅园之首，是全国著名的赏梅胜地，又是我国梅花研究中心所在地。占地800余亩，地栽梅花近万株，东湖梅园现有梅花品种309个，其中已进行国际登录的品种有152个。 每年2-3月梅花开放,027-87510452,,2小时,交通并不太方便市内仅有401、402直达，在东湖梅园下车即到；或者乘出租车前往。,每年1-3月为旺季，门票价40元，其他时间执行淡季价格10元。,8:00-17:30,武汉市洪山区鲁磨路东湖风景区内,,5773,梅园
222,,027-86620247;027-86773706,,,,,,台北路225号,,3270405,武汉市东湖风景区
91,华中农业大学（Huazhong Agricultural University），简称华中农大，华农。华中农业大学是中华人民共和国教育部直属的全国重点大学，是中国武汉著名的七校联合办学高校之一，是首批列入中国“211工程”、“985工程优势学科创新平台”、“863计划”、“111计划”、“2011计划”及“千人计划”重点建设高校，是一所以农科为优势，以生命科学为特色，农、理、工、文、法、经、管相结合的国家综合性重点大学，是国家生命科学与技术人才及农业现代化建设优秀人才培养的重要基地，是全国办学历史最长的高等农业院校，是我国高等农业教育的重要起点之一。学校位于湖北省武汉市武昌南湖狮子山，已有115年的办学历史，前身是清朝光绪年间湖广总督张之洞1898年创办的湖北农务学堂，几经演变，1952年由武汉大学农学院和湖北农学院的全部系科以及中山大学等6所综合性大学农学院的部分系科组建成立华中农学院。1985年更名为华中农业大学。,027-87395964,http://www.hzau.edu.cn/ch/home/,,学校周围公交：571，576，591。 571：华农狮子山经武昌火车站到汉口协和医院（中山公园） 576：华农狮子山经亚贸，洪山广场至大堤口（武昌江滩） 591：华农狮子山经武大，华科，到烽火路（森林公园）,,,湖北省武汉市洪山区狮子山街1号,,6725646,华中农业大学
76,,,,,,,,湖北省武汉市江岸区汉口大智路,,6630969,吉庆街
75,,,,,,,,湖北省武汉硚口区,,35633,晴川桥
226,,027-86796067,,,,,,中国湖北省武汉市武昌区东湖路1号,,5684044,湖北美术馆
109,龟山或鲁山是中国湖北省武汉市市内名胜古迹较多的山。古时，此山被名为翼际山。位于武汉市汉阳城北，为武汉市名胜古迹较多的三山之一。龟山风景区在历史上就是有名的游览胜地。龟山前临大江，北带汉水，西背月湖、南濒莲花湖，威武盘踞，和武昌蛇山夹江对峙，形势十分险峻龟山主要以山上史上留下的名胜古迹而著名。这主要包括关王庙、藏马洞、磨刀石、太平兴国寺、桂月亭状元石、禹王宫、月树亭、桃花洞罗汉寺、龙祥寺、鲁肃墓、向警予烈士陵园和红色战士公墓等等。,027-84711552,,半天,乘10、 64、507、 524、542、598、608、609、701、703、705、706、806等到鹦鹉大道古琴台下车，下车往回走就可以看到龟山了。,15元,经营时间7:00-17:30；晨练时间5:30-7:00（免费）,中国湖北省武汉市汉阳区龟山北路龟北路特1号,,3303451,龟山
152,武汉市博物馆位于汉口青年路 373 号，西距汉口火车站 300 米 。 2001 年 10 月 1 日 正式对外开放。总建筑面积 17834 平方米 ，陈列面积 6000 平方米 (其中交流展厅面积 1000 平方米 )。建筑壮丽巍峨，集东方文化的典雅与现代化功能于一体，蔚为景观。,027-85872318,,,,免费,,武汉市汉口青年路373号,,5434197,武汉市博物馆
131,这里是辛亥革命第一枪打响的地方，其主体分为南北两个广场，北广场是原为清末湖北省谘议局，武昌起义成功后，革命党人在这里成立军政府，一度代行“中华民国中央政府”职权，现为辛亥革命武昌起义纪念馆；因其主体建筑为红色楼房，因此又被称为“红楼”。南广场是为纪念辛亥革命一百周年新修的广场，其间矗立着一个红色三角形建筑为辛亥革命博物馆。,027-88875306;027-88051911,http://www.1911museum.com/,3小时,公交728、703、608、61、222、503、519、522、536、537、596等路到阅马场即达,辛亥革命纪念馆，免费，每30分钟免费派发35张票。但必须登记个人信息； 辛亥革命博物馆，免费，在广场票亭凭个人有效证件领取参观券。,辛亥革命纪念馆，周二至周日，每天9:00-17:00，16:00起停止入馆； 辛亥革命纪念馆，每周二至周日，每天9:00-17:00，16:00起停止入馆，领票时间为开放日的9:00-11:30；13:00-16:00,武昌区阅马场,,5434221,首义广场
99,,027-87651441,,,,,,武汉市武昌区雄楚大街,,6206,武汉理工大学
34,,,,,,50元,8:00-17:00,武汉市武昌区武昌东湖翠柳村特1号,,35615,落雁岛
38,,027-67842763,,,,,,武汉市洪山区民族大道708号,,35643,中南民族大学
119,美术馆就位于汉口繁华的南京路，从江汉路步行就可以到达。这里经常会有一些艺术展览，以画展、照片展、书法展为主，有时候还会举办报告会。是喧闹的都市中一片很不错的安静的地方。,027-82602713,http://www.wuhanam.com/,1小时,乘坐2路电车、7、24、38、45、301、402、520、533、548、559、581、588、598、608、707、711、727、801路至南京路车站即达。,免费,9:00-17:00（16:00停止入场）逢周一闭馆，节假日照常开放,武汉市江岸区保华街2号(中山大道与保华街三角岛上),,6243,武汉美术馆
93,,,,,,10元,,湖北省武汉市汉阳区洗马长街,,35812,铁门关
78,宝通禅寺位于武昌洪山南麓，为历世清净佛刹。1983年被国务院确定为汉族地区佛教全国重点寺院。 宝通禅寺位于武昌洪山南麓，是武汉市著名佛教四大丛林之一。1983年为国务院确定的全国汉传佛教重点开放寺院，1992年列为湖北省文物保护单位，是三楚第一佛地。做法事宝通禅寺，历史悠久，驰名中外，始建于南朝刘宋年间(420-479)，初名东山寺。唐贞观年间(627-649)易名弥陀寺；南宋端平年间(1234-1236)更名为崇宁万寿禅寺，是武汉现存最古老的寺院。净土宗、禅宗、密宗，多宗会聚，在历史上曾得到唐文宗等十位皇帝和六位王侯的大力护持，是最具典范的皇家寺院。寺内殿宇楼阁依山而建，层叠有致，隐现自然，古朴庄严，方圆150亩，面积最大。文物荟萃，宋钟、元塔、须弥座、明狮；古迹繁多，摩崖石刻，洪山八景，最具佛教文化内涵。我国近代佛学泰斗太虚大师创办的武昌佛学院1994年在宝通禅寺复办，是近现代最重要的僧伽教育基地。,027-87884539,,,,,,武汉市武昌区武珞路549号,,5789,宝通禅寺
148,"大禹神话园是武汉市汉阳江滩的一部分，位于汉阳晴川阁与武汉长江大桥之间的长江江滩之上，是以大禹神话雕雕塑为主题的景观园。大禹神话园长约400米,宽约60米，分上、中、下三区和中国洪水文化展示馆共四个部分：上区：从长江大桥汉阳桥头北侧，至大禹祭祀台（现江堤箱式防水墙）南侧，由玉面人像、双龙门、“应龙画河海”青铜雕和禹父鲧治水透雕组成。中区：以大禹祭祀台及相连的圆形九鼎广场为中心，由“剖鲧禹生”、“搏杀相柳”、禹阅九鼎铜雕和“三过家门不入”圆雕，以及大禹北方治水神话传说系列高浮雕组成。这些雕塑堪称珍品，其中，“大禹北方治水”是目前国内最大的高浮雕。下区：从大禹祭祀台北侧至晴川阁景区外墙江滩边，以大禹南方治水神话等散点链式石雕、印章蓝田石刻，以及6米高的镇江柱等组成。中国洪水文化展示馆：长约80米，临汉阳洗马长街，青石板地面，内有800平方米展厅。",027-84710440,,,,,,湖北省武汉市汉阳区滨江大道汉阳江滩69,,31613,大禹神话园
163,东湖磨山景区位于湖北省武汉市，磨山景区是目前中国最大的楚文化游览区、中国梅花、荷花研究中心所在地、世界三大赏樱胜地之一、是市民休闲娱乐的绝佳场所。磨山景区是东湖风景名胜区的核心景区之一。她居东湖中心，三面环水，逶迤六峰，总面积12平方公里。国家AAAAA级景区。,027-87510139,,,,,,中国湖北省武汉市洪山区东湖磨山,,195896,东湖磨山
86,,027-82868804,,,,,,武汉市江岸区解放大道1861号,,5766,解放公园
39,,027-67883110,,,,,,湖北省武汉市洪山区鲁磨路388号,,7392100,中国地质大学
56,武汉东湖海洋世界由福建龙川集团及亚讯科技（香港）集团联合投资2.5亿元兴建，建筑面积3万平方米，坐落在著名的国家风景区武汉东湖，展示千余种万余尾海洋珍稀鱼类。整个展馆由9个展区组成—热带雨林馆、海底隧道、水母馆、长江鱼馆、海洋剧场企鹅馆、标本馆、精品馆、3D艺术馆等。游客在东湖海洋世界里可尽享亚马逊原始雨林的神秘莫测、海底景观的深邃迷离、海洋生物的斑斓夺目、人鲨共舞的惊心动魄、海兽表演的幽默诙谐、企鹅宝贝的憨态可鞠。东湖海洋世界已成为游客休闲旅游的好去处和了解海洋、走进海洋、热爱海洋、保护海洋的窗口与课堂。武汉东湖海洋世界集观赏性、游乐性、趣味性、知识性于一体，被国家和盛市有关部门确认为“科普教育基地”，是目前最具特色、国内一流的大型海洋动感世界。游客在东湖海洋世界里可尽享亚马逊原始雨林的神秘莫测、海底景观的深邃迷离、海洋生物的斑斓夺目、人鲨共舞的惊心动魄、海兽表演的幽默诙谐。东湖海洋世界已成为游客休闲旅游的好去处和了解海洋、走进海洋、热爱海洋、保护海洋的窗口与课堂。武汉东湖海洋世界集观赏性、游乐性、趣味性、知识性于一体，被国家和盛市有关部门确认为“科普教育基地”，是目前最具特色、国内一流的大型海洋动感世界。[编辑本段]精彩的海兽表演武汉东湖海洋世界的海兽剧场里，每天都有来自非洲的灰海狮明星“菲菲”先生、“澳澳”小姐和来自我国东北的海豹“东东”先生及“楚楚”小姐为大家献上“顶球倒立”、“水中花样接圈”、杂技表演“滚木桶”、“模仿秀”、“水中顶球”、少林绝世武功“一指禅”、“三步上篮”“鼻尖弹球”、和“空中跳跃式顶球”等一系列精彩表演。天才的杂技明星——海狮海狮是鳍足类哺乳动物。雄性体长3米左右，雌性较校它们生活在海洋中，繁殖期才到海岛上产仔。年产一胎，每胎一仔。种类主要有北海狮、南美海狮、灰海狮及黑海狮等，分布在北太平洋、美国西北部沿海、南美洲沿海及澳大利亚西南部沿海。海狮吼声如狮，且个别种颈部长有鬃毛，颇像狮子，因而有“海中狮王”之称。海狮既能在陆地上灵活行走，又能像狗那样蹲在地上。有的地区也称“海狮”为“海狗”。鳍足类动物和胡狼源自同一个祖先。大约三千万年前，海洋里的食物资源大大增加，有些象犬类的肉食动物开始慢慢转移到海洋里来寻找食物，为了适应在水中觅食，它们的身体和生理产生了很大的变化，四肢演化成鳍状以方便在水中游泳，经过长时间的演变进化，就形成了现在的鳍足类动物。深海潜水员——海豹海豹别名斑海豹、港海豹，属鳍足目海豹科，体长2米左右，雄性略大于雌性。体粗圆呈纺锤形，眼大而圆。主要分布于渤海、黄海，东海也有发现，个别远达南海。海豹是海洋中的生存强者，同样扮演着海中杀手的主要角色！海豹的体型较大，形似大象，生性倔强，爱发脾气，具有很强的捕杀能力。全世界共有34种海豹，南极地区有6种，即锯齿海豹、象海豹、豹型海豹、威德尔海豹、罗斯海豹等，约占世界海豹总数的90％。显然，南极地区是海豹的重要产地。海豹身体肥胖，皮下脂肪厚，颈粗头圆，在陆地上只能借助身体的蠕动匍匐先进，非常笨拙，但在水下则相当灵活，且善于深潜，可以潜入数百米的深处。,027-86772929;027-86786048,,半天,,80.00元 儿童票（1.2米以下儿童）：40元,夏季：08:30~17:30 冬季：09:00~17:00,武昌区东湖梨园(原楚人狂欢岛内）,,31646,东湖海洋世界
98,湖北武昌长春观长春观位于武昌大东门东北角双峰山南坡，黄鹄山(蛇山)中部，是我国道教著名十方丛林之一，为历代道教活动场所。称“江南一大福地”。观内崇奉道教全真派，以其创始人重阳祖师门人邱处机道号“长春子”命名。该观始建于元代，为邱处机门徒所建，以纪念道教全真派北七真之一，龙门宗的创始人丘处机(公元1148年-1227，字通密，号长春子)在元军南下时“一言止杀“济世救民之劝德。始称“长春观”。长春观历史悠久，道学渊源，被武汉市列为一级文物保护单位。不仅是一座道教修身养性、礼神朝真的宗教活动场所，也是处风景清幽、建筑典雅的游览胜地。其历史悠久，风景清幽，山势峻美，福地洞天，就连远在江西的庐山历史上也设有长春观的下院。相传古代，此地为湖汊，因多松树而称之为“松岛”。楚地崇巫，甚有影响。故秦汉以后，此地有“先农坛”、“神祗坛”、“太极宫”之称，即王侯祭祀天地、祖先之地。据传道教始祖老子曾应弟子之邀赴庐阜“会五老”，到了江南鄂州即西转而到湖港之乡、双峰山麓的长松岛。人们为了纪念他，附会说此松岛为长松岛，建老子宫以示纪念。南宋的朱熹在他的《鄂州社稷坛记》中真实地记载了这块风水宝地：“城东黄鹄山，废营地一区。东西十丈，南北倍差，按政和五礼画为四坛”。元初时，全真龙门派创始人丘处机，号长春子，创道教十方丛林制度多次受元太祖成吉思汗的封赏，掌管天下道教。于是丘处机便派弟子至荆湖之地的武汉创办道教丛林，弟子为纪其事，在松岛修建长春观，祭奉长春真人。每年农历正月十九为长春真人圣诞，长春观要举行隆重盛大的丘祖会，武汉民俗称之为“迎春会”，也称“燕九节”。《桃花扇》的作者孔尚任为此作有《燕九竹枝词》：“才是星桥又步云，真仙不遇心如结”，描绘了这一盛会。明时楚昭王朱桢过生日，至黄鹄山的长春观为其父朱元璋祈寿降香，劝长春观”长春二字改此山为长春山。清诗人王柏心在《过长春观鹿频炼师气诗》中道：“山川俯迎劫灰余，杰观盍开阆苑居；紫府琼台仍缥缈，亡都金阙故清虚”。乃言长春观几经战火，几经修复，历史沧桑。,,,,,,,武汉市武昌区中华路,,6210,长春观
41,,0510-85133343,,2小时,,门票50人民币,07:00~18:00,中国湖北省武汉市武昌区沿湖路,,6208,梨园风景区
65,,027-82778908,,,,,,武汉市江岸区汉口沿江大道162号,,6239,宋庆龄旧居
137,,027-88848780,,,,,,中国湖北省武汉市武昌区中山路368号,,3319445,湖北省美术馆
31,,,,,,,,武汉市洪山区东湖东路,,35617,楚天台
44,木兰山是大别山南麓的高峰之一。因山中多长木兰树，故名木兰山。又因“木兰将军”的传说，使山蒙上神秘色彩。山上现存“木兰将军之墓”碑。木兰山以其山势嵯峨、群峰攒族、云雾缭绕、古木参天为游客称道。这里的山、水、花、木、宫、殿、阁，几乎都和千古流芳的木兰将军息息相关。,027-61501019,,1天,在武汉客运港乘坐市郊旅游1路专线车，16元；或从武汉市内乘车至黄陂，汉口新华路长途汽车站每早7:50发车，13元，转当地巴士到木兰山，车费5元。,成人票50 元，学生、军人半价,07:00-18:00,武汉市黄陂区长轩岭镇,,3473448,木兰山
121,武汉动物园坐落在武汉市汉阳墨水湖畔，它的前身是武汉市中山公园动物园，是在原汉阳区苗圃的基础上兴建的。现有陆地面积42公顷，内湖水面26.7公顷（马沧湖）。全园三面环湖，形成半岛，具有湖光山色、鸟语花香的自然景观。该园分前、中、后三区。前区为水陆游乐区；中区为野生动物展览区，并配置园林景观；后区待开发建设，拟建动物自然放养场和后勤基地。武汉动物园是融野生动物移地饲养与繁殖、保护与研究、收容与救护、动物科普知识教育、演展娱乐为一体的综合性园林化动物园。建有百鸟乐园、鹤岛、天鹅湖、中型猛兽馆、大熊猫馆和小熊猫馆等五大展区20余座动物馆舍。还建有兽医院、繁殖尝饲料房、供热中心等后勤设施。拓有郢趣园、湖光轩、樟树林、九孔桥、大门绿化广场等80处园林景点及20余个游乐、餐饮服务设施。园内以观赏动物为基础，以发展灵长类尤其是以神龙架亚种金丝猴种群为特色。现有大熊猫、金丝猴、白熊和丹顶鹤等珍禽异兽200余种2000余头（只）。植物以常绿树为骨干，以樟树、池杉、水杉、竹为特色，现有树木花卉180余种近8万余株，另有大面积的纯草坪及自然植被。绿化覆盖率达81.3%。1987年7月，经国家建委考察，武汉动物园被纳入全国八大动物园之列。 1975年-1984年，是筹建开拓阶段，1982年2月，武汉动物园建设被列入六五计划，并定为武汉市的十件大事之一。1984年10月，中共武汉市委、市政府动员武汉空军部队指战员12500多人次和全市园林系统的职工，开展了声势浩大的军民共建武汉动物园大会战，吴官正、王群、钱运录等当时在武汉市任职的领导同志及武汉市其他有关领导志均参加了建设武汉动物园的义务劳动。历时100天，分别建成前区与中区的路、堤、大门、停车尝环湖路等8项工程。1985年2月20日（春节），武汉动物园正式对外开放，按照当时的总体规划，边开放，边建设，边完善。该园与国内、国外动物园有着广泛的交往，先后与日本犬山动物园、美国俄亥俄 州的克利夫兰动物园、德国的杜伊斯堡动物园结成友好动物园并进行了大批量的动物互赠互换。1986年，克利夫兰动物园赠送黑猩猩、环尾狐猴、金刚鹦鹉、浣熊等4种8只动物，1990年赠送金刚鹦鹉、松鼠猴、白头绒猴、黄猩等4种10只动物，1989年杜伊斯堡动物园赠送斑马1对，河马1只，1994年赠送长颈鹿2只。这些友好使者来该园落户，提高了该园动物展览的质量。,027-84844610;027-84844187,,,,20.00元,09:00~17:00,动物园路60号,,3359887,武汉动物园
70,武汉经济技术开发区位于武汉西南，区内花团锦簇，绿树成荫，三角湖、后官湖等七个湖泊如“七星捧月”般将开发区“簇拥”在湖光水色之中。武汉体育中心就坐落在开发区的中心地带。,027-68840005,,,,,,武汉市蔡甸区,,6225,武汉体育中心
101,,,,,,,,中国湖北省武汉市洪山区石门峰路,,3451804,辛亥革命纪念园
84,黎黄陂路和黄陂路是一条路，黎黄陂路，全长604米，建于1900年（光绪26年），为黄陂人所建，故名黄陂路。后划入汉口俄租界，称夷玛路。位于武汉市江岸区。因两任中华民国大总统黎元洪是武汉黄陂人，人称黎黄陂，所以此路又于1946年改称黎黄陂路。黎黄陂路是武汉著名的“慢生活”街区，是汉口神采与气质的延续。,,,,,,,武汉市江岸区,,9008233,黎黄陂路
88,享有“西陵胜地、楚北名区、陂西陲障、汉地祖山”美誉的云雾山，地处武汉市黄陂区西北部泡桐店境内，距武汉市中心城区65公里，距黄陂城区29公里；是一处以山地为主的自然风景区，主峰海拔709米，属武汉市最高峰。木兰八景之一，国家AAAA级景区。木兰云雾山风光宜人、空气清新、水质清澈，在木兰旅游圈中最高大、最幽深、最原始、最神秘、最纯粹，集峰、谷、涧、潭、堰、瀑、泉、溪、花、草、石、木、寺观、古寨、古建筑和高大山体于一身，景观生态、多样而丰富。,027-61668499;027-61661366,http://www.yunwushan.cn/,,1、从武黄高速、汉宜高速、京珠高速上武汉外环至黄陂木兰云雾山； 2、新荣村客运站、竹叶山站可乘专线巴士可直达黄陂木兰云雾山； 4、汉口火车站乘公交292到黄陂客运站转乘专线巴士可到达木兰云雾山； 自驾线路 路线一：汉口竹叶山走岱黄高速到黄陂向左转走黄孝公路至达义向右转走祁泡公路到泡桐店乘专线巴士15分钟即可到达云雾山景区。 线路二:武汉汉口走机场高速经天河经祁泡公路到泡桐店乘专线巴士15分钟即可到达云雾山景区。 线路三：中环将军路到横店再到张家店互通经祁泡公路到泡桐店乘专线巴士15分钟即可到达云雾山景区。,景区门票：50元/人 注：景区门票80元/人，2013年9月1日—12月31日景区门票优惠即50元/人 优惠信息：  学生凭学生证、60岁-70岁凭证件享受半价优惠 1.2米以下儿童免票，70岁以上老年人凭证免票。 景区电瓶车10元/人/段 景区导游讲解80元/团/天,7：00—19：00,武汉市黄陂区李家集,,5433190,武汉木兰云雾山景区
55,黎黄陂路位于湖北省武汉市汉口，其全长604米，建于1900年（光绪26年），为黄陂人所建，故名黄陂路，其前身是俄租界时的夷玛街。因两任民国大总统黎元洪是黄陂人，人称黎黄陂，所以此路又于1946年改称黎黄陂路。1997年武汉市江岸区政府将其辟作街头博物馆加以保护。 1861年汉口开埠后，列强纷纷涌入。在黎黄陂路（夷玛街）周边2.46平方公里的区域内，划分了英、法、俄、德、日五国租界，建立了12个外国领事馆、近30家外资金融机构和100多家洋行，汉口呈现了一派带有殖民色彩的畸形繁荣，成为殖民者们乐而忘返的“东方芝加哥”。而位于租界中心的黎黄陂路，则是这段屈辱历史的缩影。 如今黎黄陂路街头博物馆包括十七处古建筑，在街头与街尾都立有碑牌标示。,,,,,,,湖北省武汉江岸区黎黄陂路55号附近,,7389666,黎黄坡路街头博物馆
113,木兰草原——华中唯一的AAAA级蒙古风情景区，位于武汉黄陂王家河镇街聂家岗，荆楚名山——木兰山东面，湖北十大休闲度假区——木兰湖的南面，属“木兰八景”之一。景区距武汉市城区36公里，最近的高速出口12公里，交通十分便捷。景区规划面积4800亩，分为草原风情旅游区和休闲度假区，融草原风情观光、户外拓展、水上游乐、商务会议、休闲度假为一体，是目前华中地区唯一的以草原风情为主题的AAAA级风景区。,,,,1. 外地到木兰草原：从任何一条高速上武汉外环—岱黄高速----黄陂城区（黄陂大道）----滠水桥----火塔公路----彭岗----木兰草原（黄陂转盘后沿途有路牌指示） 2. 武汉城区：汉口竹叶山----岱黄高速----黄陂城区（黄陂大道）----滠水桥----火塔公路----彭岗----木兰草原（黄陂转盘后沿途有路牌指示）,门票80人民币,8:00—17:30,武汉黄陂王家河镇街聂家岗,,5504185,武汉木兰草原
60,,027-81562008,,,,,,武汉市江夏区金口街,,35625,中山舰博物馆
26,,,,,,,,中国湖北省武汉市武昌区,,6952259,武汉长江大桥建成纪念碑
37,生态旅游、旅游休闲、观光览胜,027-87639763,,,,门票36人民币,,武汉市洪山区九峰村,,5427233,武汉九峰森林动物园
51,一条青龙和一条黄龙在这里交汇——南岸嘴在中国地理上是一个非同小可的地方，被誉为“中国第一角”。因为它是中国最大的河流长江和长江最大的支流汉江交汇处形成的冲击地带。有人说南岸嘴是中国的丹田所在，寓意这里是中国精气最集中的地方。,,,1小时,乘30、108、 248、 531、532、 535、 553、 559、561、648、711、803路到滨江大道晴川阁下，向汉口方向步行500米即到。,免费,全天,武汉市汉阳区南岸嘴,,5614901,南岸嘴
55,,,,,,,,武汉市武昌都府堤二十号的中华路小学谭秋校区,,6202,中共五大会址纪念馆
83,青山环抱，溪流环绕，风水极致,027-61521111,,半天,,80.00元,08:00~20:00,湖北省武汉市黄陂区蔡店乡道士冲村,,7047484,锦里沟
25,,027-85795934,,,,,,湖北省武汉市硚口区解放大道1265号,,6630971,汉口中山公园
31,,027-88073189,,,,,,湖北省武汉市武昌区武昌紫阳路151号(紫阳湖公园对面),,35824,紫阳公园
61,,,,,,,,湖北省武汉市汉阳区滨江大道,,3300122,汉阳江滩公园
68,林区内溪流潺潺，林木遮天蔽日,,,,,,,湖北省武汉市黄陂区前川街城北木兰山风景区,,7047500,木兰山风景区
43,,,,,,,,武珞路47,,3319317,首义公园
33,,,,,,,,武汉市洪山区光谷世界城意大利风情街,,9320843,光谷多莫大教堂
47,清凉寨景区位于武汉市黄陂区蔡店街道西北部，是中国木兰八景之一。现为国家AAAA级景区。距武汉市中心城区85公里，距黄陂中心城区（前川）62公里，平均海拔600余米，景区总面积6000余亩，辖区内的刘家山是武汉市海拔最高的自然村。该村地貌独特，相对海拔较高，年平均温差低于武汉市中心城区4-6度；山体高大陡峭，植被丰富，层峦叠嶂，十分壮美，具有发展生态观光旅游和城郊休闲度假旅游的显著优势。,027-61539008,,,1、从武黄高速、汉宜高速、京珠高速上武汉外环至黄陂木兰清凉寨； 2、汉口新华路、竹叶山乘专线巴士可直达黄陂木兰清凉寨； 3、武汉港乘市郊一日游专线车可直达木兰清凉寨； 4、汉口火车站乘公交292到黄陂客运站转乘专线巴士可到达木兰清凉寨； 5、自驾游：从竹叶山上岱黄高速公路到黄陂前川，走黄土一级公路，过姚集镇走姚集公路到蔡店乡，然后前行十公里即到。,50元,07:30—17:30,武汉市黄陂区蔡店街道西北部,,5432655,武汉木兰清凉寨
28,在汉阳古琴台，坐公交车到“古琴台”站下车即到，武汉三镇都有车。如果是在青山区，就坐车到“钟家村”这一站下车。不要门票，规模很大的市政公园，规划的很好，环境不错！,,,,,,,湖北省武汉市汉阳区琴台大道,,7392780,琴台公园
47,"湖北美术学院。坐落于湖北省武汉市，是我国华中地区唯一一所多学科门类与多学历层次的高等美术学府。中国八大美院之一。学校前身是创办于1920年的武昌美术学校，后定名为""私立武昌艺术专科学校""（简称武昌艺专）。武昌艺专是中国现代第一所私立艺术教育学堂，作为我国开办最早的三所艺术专科院校（北平艺专、杭州艺专、武昌艺专）之一和中国近、现代高等美术教育的发源地之一，迄今已有90余年的办学历史。",,,,,,,中国湖北省武汉市武昌区中山路374号,,5686674,湖北美术学院
145,"黄陂大余湾属黄陂区管辖的研子岗镇，依山傍水，宁静如画。占地面积300亩，该村的古建筑群属明末清初的民俗建筑，20余条巷子纵横分隔。现存50多户石砌屋，大部分至今仍保持较完好。这些石屋雕梁画栋，是典型的明清徽派建筑风格。该村先祖曾有过“一门三太守,五代四尚书”的辉煌历史。 大余湾距武汉市区40公里，坐落在乡村的公路边。村头是一望无垠的农田，田边散见丰收后堆积的小山似的稻草垛，还有三三两两的水牛在田间放牧。走进小溪环绕的村口，青石小径蜿蜒前伸，一幢幢古旧的房屋连环而建，一律的青条石墙，黑瓦飞檐，形成院落交错的小巷，石磨、古井、油漆斑驳的木亭散布其间，偶见残缺的木石雕刻、画梁牌匾，依稀可以想见旧时的精美。 　　虽说大余湾现已声名渐起，村民们依旧过着质朴平静的生活，老人闲坐在屋门口聊天，小孩子在巷子里自由玩耍。遇到进村参观的游客，他们会热心地为你指点路线，任凭游人自由地穿行在村中。大余湾村寨后面群山连绵，乃是木兰山余脉，不远处，滠水河似一条银色的飘带，环绕山岗缓缓流淌。山势不高，不一会我们就爬上了山顶，眺望山下，大余湾的全貌一览无遗，大余湾就静卧在这青山绿水间，气定神闲。我们也静静平躺在草地上，闭目休憩，浑然不觉时光流逝。",027-61561777,,,搭车：从汉口竹叶山转盘处乘车到“梳子店”的班车，一日数班，票价8元，到大余湾需时1.5———2小时。也可乘车先到研子，再乘面包车东行5公里左右至大余湾。（票价10元左右）。 自驾：去大余湾与去木兰山是同一条路线。如走南线，从研子岗镇就要东拐了，从木兰山川下游进入，不必翻山坡，但要经天然堤涉过滠水河。如走北线，从长岭镇东拐，有一条南向岔道可翻山入川（可惜还未安装指路标牌），翻山时有几个盘山弯道还是要格外小心。,成人50元,08:00—17:00,黄陂区研子岗镇双泉村,,5426656,黄陂大余湾
18,阅马场位于湖北武汉市武昌城区中部，蛇山南麓，东接蛇山洞延伸出来的武昌路，南至阅马场小学，西到湖北剧院，北临蛇山南麓黄鹤楼下，东西长100米，南北宽300米（另一资料为东西长200米，南北宽400米，可能因计算方式不同）。武珞路以此为起点，横贯广场的中部，并向东伸展，西北与武汉长江大桥的引桥公路相连，西南与彭刘杨路相通，是连通武汉三镇的主干道。,,,,,,,湖北省武汉市武昌区蛇山南麓,,6630983,阅马场
24,武汉大学信息科学学部是原武汉测绘科技大学。2000年原武汉大学、武汉水利电力大学、武汉测绘科技大学、湖北医科大学合并成新的武汉大学后成为武汉大学信息科学学部。信息科学学部现有六院一系，分别为计算机学院、遥感信息工程学院、电子信息学院、国际软件学院、测绘学院、资源与环境科学学院和印刷与包装系。,027-68779405,,,,,,中国湖北省武汉市洪山区珞瑜路,,5689312,武汉大学信息学部
23,,027-88075010,,,,,,湖北省武汉市武昌区梅家山,,35626,起义门
20,,027-87639763,,,,60元,,湖北省武汉市洪山区九峰乡狮子峰特1号,,35703,九峰国家森林公园
20,汤逊湖旅游度假区是由湖北华泰置地实业股份有限公司建造投资额达二亿多人民币，占地面级为十平方公里，坐落于国家级武汉东湖心技术开发区庙山小区，该度假区位于景色秀丽的汤孙湖畔，自然景观令人心旷神怡、流连忘返，首期开发轶平方公里。汤逊湖位于湖北省武汉市江夏区汤逊湖畔，占地面积近32万m2里，是全国首家以图腾文化为主题的度假区。该度假村是按照“天人合一、返朴归真、回归自然”的思想组建的，其主要代表作为68个各具特色的民族大型图腾陶雕组成的图广场，以及由近两千条不同时代风格的图腾龙构成的文化艺术长廊。村内设有垂钓、游泳、射箭、网球、休闲别墅、蒙古包、人造瀑布、九曲桥、龙王庙、白塔、观音岛等项目和景点。同时还经常举办各类大型图腾文化表演、古神秘祭祀、焰火晚会、假面舞会、篝火晚会、民间杂耍等娱乐活动，备受广大游客青睐。,,,,,,,武汉市武昌区江夏大道,,31569,汤逊湖
59,张公山寨位于武汉市洪山区城郊，毗邻武钢白玉山，与东湖风景区隔坝相望。景点景区有张公山寨、橘子洲、桃花岛、吴主寺、开心农场、森林别墅、拓展演习、真人CS战场、严西湖几大 点。园内可乘游船游览，是集湿地生态景观、农业休闲、旅游度假为一体的湿地生态园。 严西湖之胜，独在于水。严西湖湖面2万亩，湖岸线66公里，有99个湖汊，由56个山头环抱，湖水清澈，湖面浩淼。各景点间分布着众多的港汊和鱼塘，形成了严西湖独特的湿地景观。 严西湖之重，重在生态。张公山寨置业有限公司遵循“生态优先、最小干预、注重文化、以人为本和可持续发展”原则，园内除保留原有地形、地貌外，遍植树木、花卉，生态园就是一个天然的绿色氧吧。 严西湖独特的自然景观也孕育了丰富的人文景观，湖边的张公山、吴主寺、十美寺、朱山、鼓架山等，遗存有关孙权、朱元璋、刘伯温、楚庄王、张之洞的人文典故，令人寻奇。,027-86411117;15377664609,,,1．自驾车： A汉口、武昌——青山——和平大道——21号公路——白玉山——张公山寨 B汉阳、武昌——珞瑜路——森林公园——老武汉公路——花山镇——外环（往孝感方向进道道通）——第2个出口北湖站下——张公山寨 C 汉阳、武昌——珞瑜路——森林公园——三环———武汉火车站——青王路——青化路——张公山寨 2.公交车：乘以下215、53、201、525、231路公交车到终点站后搭乘面包车（10元/趟）直达张公山寨大门。 3.景区旺季（3月、4月、5月、9月、10月、11月）会开通张公山寨景区直通车，为游客去游玩提供了更大的方便。,张公山寨门票：张公山寨（含门票、船票、橘子洲）成人票60元/人，特殊人群45元/人；李庄门票：成人票50元/人，特殊人群40元/人；张公山寨、李庄一日游通票成人100元/人，特殊人群80元/人。特殊人群指：儿童身高在1.2-1.4之间；中小学生、大学生学生：凭学生证；60岁以上持老年票。司陪、导游凭证免票；导服费：50元/30人以内、80元/30人以上。,08:00-17:00,白玉山街张公山寨严西湖畔,,5426933,武汉张公山寨
21,"剧院位于月湖之畔，汉江之滨，隔湖南望始建于明万历年间的古琴台，作为月湖文化艺术主题公园的核心组成部份，它将成为武汉最高档次的文化表演场所，也是2007年第八届中国艺术节的主会常琴台大剧院总建筑面积65650平方米，由一个1802座的综合大剧尝一个约400座的多功能厅以及艺术展厅、艺术排练厅、餐厅等多项演出服务设施组成。大剧场采用传统的“品”字型舞台，建筑台口宽18M，高12M，舞台总进深50M，宽72M，拥有一个由两部分组成的面积为92㎡的乐池，可容纳120人的乐队，具备接待大型音乐剧、歌剧、芭蕾、歌舞剧、戏剧、音乐会等各类艺术表演的全栖功能。多功能厅舞台长26M、宽16M、高11M，内设置升降台14块，通过不同组合方式，可以实现不同剧场形式，即：小型剧尝会议厅、“凸”型舞台、“T”型舞台、中心舞台和平面大厅等6种形式。舞台上下方设备联动,组合模式千变万化,给艺术创造巨大空间,能满足国内外各类歌剧、音乐剧、戏剧、戏曲、音乐会使用要求。大剧院2004年5月开工,2007年8月竣工,由武汉市政府投资15.7亿，占地面积24543平方米,总建筑面积65650平方米,地下4层,地上6层,建筑高度40米。其中大剧场有1802个座位,跻身国内特大型剧常大剧院建筑涉及20多个专业,建筑领域公认最难。琴台大剧院,是目前国内大型剧院中,唯一由中国人原创设计——广东珠江设计院在大剧院方案国际招标中胜出。建筑师做大剧院,是一辈子荣幸。从未做过剧院的武汉地产集团,攻克大量技术和施工难关,在琴台大剧院项目上,创下了多项国内纪录,建设质量、速度和成本控制,全国领先。 外观的琴键飞奔,水袖飞舞神韵,青铜幕板的历史厚重感,还有大剧场的红色主调,琴台大剧院让人体味浓郁楚文化。当初,一些专家担忧,大色块用红会让人发疯。不久前,国家大剧院设计师的首席色彩顾问来汉,认可大剧场色彩,更有专家评价:荡气回肠。近来,视察琴台大剧院的领导、院士、专家不少,他们有个共识:媲美国家大剧院、上海大剧院、广州大剧院,填补中部地区高品质文化设施空白。现代化的大剧院是一个国际性城市必备的基础设施。这种剧院要具备三个特性:剧场功能的国际性、剧场设计的民族性、观演定位的便民性",027-81880089,http://www.whqtdjy.com/,,乘658路到琴台大剧院下车即达。或者坐车到鹦鹉大道古琴台站（参考古琴台交通）下车步行700米即到,根据不同演出决定,根据演出时间确定,武汉市汉阳区知音大道6号,,5434209,琴台大剧院
26,中山大道（武汉） 是一条从西南部的硚口路到东北部的黄浦路，贯穿整个汉口中心区的商业街，总长8445米。中间与武胜路、三民路、民生路、江汉路、南京路、黄石路、黄兴路、车站路、蔡锷路、胜利街、一元路、三阳路等共48条能通行机动车辆的街道相交，南与沿河大道和沿江大道、北与解放大道和建设大道平行。,,,,,,,湖北省武汉市硚口区中山大道,,7392614,中山大道
19,,,,,,,,湖北省武汉市江岸区洞庭街,,6630970,长江武汉关
38,,,,,,20元,,中国湖北省武汉市武昌区东湖路,,5682581,东湖牡丹园
18,中南财经政法大学是中华人民共和国教育部直属的一所以经济学、法学、管理学为主干，兼有哲学、文学、史学、理学、工学、艺术学等九大学科门类的全国重点大学，是国家“211工程”和“985工程优势学科创新平台项目重点建设高校。 学校前身是1948年建立的以邓小平为第一书记的中共中央中原局创建，并由陈毅担任筹委会主任的中原大学，1953年院系调整成立了中南财经学院、中南政法学院。1979年湖北财经学院划归财政部领导，1984年12月更名中南财经大学。2000年由原隶属于财政部的中南财经大学和原隶属于司法部的中南政法学院合并组建新的中南财经政法大学，现为中国最知名的财经、政法类高校，在同类院校中拥有最多的博士点。,,,,,,,中国湖北省武汉市江夏区民族大道,,5693824,中南财经政法大学
53,,,,,,,,湖北省武汉市汉阳区龟山北路1号,,9229937,汉阳造广告创意园
17,,,,,,,,湖北省武汉武昌区武汉大学-图书馆,,5688520,武汉大学-图书馆
33,龟山电视塔全称湖北龟山广播电视塔，是我国自行设计、施工的结合旅游的第一座钢筋混凝土广播电视发射塔。该塔于1981年12月16日破土动工，1986年6月竣工投入使用。塔高221.2米，海拔标高311.4米，相对高度280米，就高度而言，建成时居全国之首[1]。龟山电视塔是中国第一座电视塔，坐落于武汉市汉阳龟山之巅、长江和汉江的交汇处，是武汉著名的旅游景点及城市地标，与黄鹤楼遥相呼应，脚下是晴川阁和“万里长江第一桥”——武汉长江大桥，身后是“三楚胜境”之一的——古琴台。此塔是我国的设计人员在没有可借鉴和参考经验的情况下，自己设计的国内第一台电视塔，是一个集发射传输、观光旅游等多功能于一体的完全由我国自行设计和施工的电视塔，有“亚洲桅杆”之称。1986年12月正式对外开放旅游，由前国家主席李先念亲笔题写塔名。,027-84713530;027-59511208,,,10路  10路通宵线  401路  402路  411路  584路  61路  电车1路 长江大桥汉阳桥头下,120元,9:30-----20:50,中国湖北省武汉市汉阳区龟山北路,,5422579,龟山电视塔
23,,,,,,,,中国湖北省武汉市武昌区解放路255号,,5687909,武汉音乐学院
36,,,,,,,,青山区武昌和平大道1546号,,3322209,青山公园
45,大小瀑布起伏跌坨，溪泉交汇，潭溪相接,027-61598318,,,,50.00元,07:00~17:00,湖北省武汉市黄陂区姚家集镇,,7047493,木兰古门
24,,027-88875306,,,,,,武昌区武昌都府堤20号,,31643,武汉市革命博物馆
11,"电视塔座落在武汉风光秀丽的龟山之颠，矗立于长江与汉水的汇合之处，占据绝佳的地理环境，也是武汉市最高的建筑物。它建在１０４m-１３５m间的塔楼设有旋转餐厅,音乐茶座和眺望平台，供旅游活动面积７４０平方米，能同时接待３００人游览。在这里俯视武汉三镇，如登白云，临空鸟瞰，令人流连忘返。",027-84713691,,,,,,武汉市汉阳区古琴台路旁(龟山上),,6244,武汉电视塔
22,龙泉山位于武汉市江夏区龙泉乡。其山东南北三面环水，东面是以盛产武昌鱼名噪海内的梁子湖，南北则有两条山脉自西向东连绵9公里，与处于盆地中的景区形成二龙戏珠之势，形成风景区内7.6平方公里的幽谷风光带。《江夏县志》载：“龙泉山古称灵泉山，因灵泉寺山中有色碧味甘的清泉潭而得名。”龙泉山顺龙盘结，群峰高耸，其山三面临牛山湖与三汊港，在无边碧浪之间，逶迤崛起云山、大龙山、二龙山、龙嶂峰、玉屏峰、天马峰、马鞍峰等，自古这里被视为山环水绕、湖山钟秀、林泉幽穆的“福地仙壤”。龙泉山人文历史可追溯到西汉时期。当时这一地区为舞阳侯樊哙孙樊建的封地，名为江夏，所以其山称为江夏山。唐朝初年改称夹山，取两山夹道而行之义。唐朝天宝末年，宰相李蹊开基造屋，凿地得泉，形成东西两井，东井冒气则晴，西井无气则雨，占验灵准，因此又称灵泉山。汉高祖刘邦以武昌为樊哙封地，樊哙死后，就葬于天马峰下。从汉代起，就有许多隐逸之士迁到灵泉山来隐居，遂成灵泉古市，“形胜甲于一邑”。清同治《江夏县志》有载：“灵泉古市始于汉，迄唐宋而兴盛。”在环山7平方公里的幽谷盆地上，或倚山为亭阁，或随水为轩榭，建有灵泉寺、听松阁、远眺亭、大观桥、春露亭、秋爽亭、晴雨井、百卉园、龙龟戏鱼池、蓼莪堂、含山楼、万卷书楼、拜寿台等蔚然十二大景观。这些金碧辉煌的楼台亭阁，都是樊、李、杜、张、沈、曾、董、邹八大家官府隐逸之士在此修建的，如“万卷书楼”是唐代宰相李奚修建的；“含山楼”是宋代诗人张芸臾修建的；“万寿台”是元代宰相沈如筠修建的。 此外历史上有名的晋代荆州刺史陶侃也葬于此。,027-81620543,,,,80.00元,07:30~17:30,武汉市江夏区浏芳街,,35627,龙泉山
19,,027-88850322,,,,,,武汉市武昌区都府堤41号,,31642,毛泽东同志旧居
19,,,,,,,,中国湖北省武汉市武昌区昙华林188号,,5686670,湖北中医药大学
18,在国立武汉大学时期，武汉大学的工科集中在国立武汉大学工学院，1952年—1953年间中华人民共和国政府对大学进行院系调整，武汉大学的工科集体被调出，大部分专业与湖南大学、广西大学等大学的工科专业一起组建了华中工学院，水利水电专业则在1954年组建了武汉水利学院。 1978年的改革开放之后，武汉大学开始逐渐重建工科，2000年，武汉大学与武汉水利电力大学、武汉测绘科技大学、湖北医科大学合并，武汉大学在改革开放之后重建的电气、土木、建筑、机械等专业与上述三校的相应专业合并在一起组建了武汉大学工学部。,027-87325031,,,,,,中国湖北省武汉市武昌区茶港路,,5688439,武汉大学工学部
14,市内可搭乘68、30路到滨江公园一站下，或608、801路等公交到一元路站下向江边方向走200米即到,,,,,,,在武汉市汉口江岸区滨江公园江堤上,,6156,防洪纪念碑
16,,,,,,,,中国湖北省武汉市汉阳区莲花湖路,,5685252,汉阳江滩
22,宋庆龄汉口旧居在汉口沿江大道的黎黄陂路口，有一座高三层的小楼。始建于1896年，最先是一家专门为俄茶商交易而开设的华俄道胜银行。它有着杏黄色的外表和纪念碑似的塔楼，是座典型的俄罗斯风格建筑。这是宋庆龄1927年在武汉的居所。,027-82296638,,,,,,武汉市江岸区沿江大道162号,,8598127,宋庆龄汉口旧居纪念馆
18,木兰湖旅游度假区位于武汉市黄陂区塔耳街道境内，与荆楚名岳木兰山毗邻，距武汉市区 60公里，有高速公路相通，这里水丰鸟美，人杰地灵，山清水秀，是观光旅游、休闲度假的湖北省省级旅游度假区，被人们誉为荆楚明珠、武汉市的后花园。木兰八景之一。因传说木兰将军幼时在此饮马而得名。湖区面积40平方公里，其中水面20平方公里。湖岸线长57公里，有132个湖汊，23个岛屿，13个泉眼。湖水清澈，风景纯美。湖区东岸的林区，长年栖息着各种鸟类10余万只，其中30%为国家二级保护动物。春秋之季，鹭鸟在此交替云集，蔚蔚壮观。风景区已具备食、住、游等配套服务功能，是游客垂钓、游泳、观鸟、避暑、度假的理想胜地。川内明末清初兴建的古民居民俗村——大余湾，已被批准为中国历史文化名村（湖北今仅2家）、,027-59507850,,,,,,湖北省武汉市黄陂区木兰乡小泉山村,,6630984,木兰湖旅游度假区
18,大智门火车站位于湖北省武汉市江岸区京汉街，又名京汉火车站。于1903年建成启用，新中国成立后改名为“汉口火车站”。京广铁路建成后设立新汉口站，后来仿造大智门站的建筑风格改造成今天的汉口火车站，原站址不再沿用。,,,,,,,中国湖北省武汉市江岸区京汉大道1232,,3314513,大智门火车站
21,武汉月湖公园位于武汉市汉阳区月湖畔。因古代却月城而得名，明成化年间，汉水改道，其主流经龟山北部汇入长江后留下月湖。古代时候，月湖“长约八里许，宽以一里计”，水面不下200万平方米，占地很广。   月湖公园由月湖周边五大景观组成：北岸为文化艺术中心区；南岸邻近古琴台的，为可容纳8000-10000人的露天舞台广场；东侧是小月湖半岛；西南边与梅子山相近。月湖景观的设计主旨，是建造一个展示月湖地区文化历史底蕴、集休闲娱乐为一体、自然风景迷人的主题公园。,,,,,,,湖北省武汉市汉阳区,,3298692,月湖公园
25,景区植被繁茂、沟壑纵横、山泉潺潺、鸟语花香，四季景色迷人。生长于林间的蕨树是与恐龙同时代的植物，同国宝中华鲟一样是受国家保护的活化石。大片的橛树林，繁茂昌盛，郁郁葱葱，每天释放大量的氧离子，经测定空气中的氧离子含量是城市中心区域的十倍以上，形成了绝好的天然氧吧。春来踏青摘蕨菜、夏至观荷摘西瓜、秋来登高摘蜜橘、冬至踏雪观雾凇。四季土菜风味独特，别墅休闲心旷神怡，绿茵草坪体验高尔夫乐趣！景区主要旅游项目有：水上游乐、高尔夫球、一世姻缘锁情、知音文化展示、森林穿越运动、丛林野战、森林浴场、垂钓休闲、烧烤露营、天台观景、别墅休闲度假、田园采摘等30余处景点；为游客提供生态度假、商务会议、学习培训、运动休闲等不同档次不同功能的旅游服务产品。,027-69307029,,,（1）每天上午8：00至下午6：00汉阳客运站有专线巴士往返景区。每周六、黄金周期间上午8:00至9:00，可在武汉（汉口）客运港旅游集散中心（507终点站）乘坐一日游专线车。,50元,08:30—17:00,武汉市西郊的蔡甸区永安街,,5432184,武汉九真山风景区
8,中国地质大学逸夫博物馆的前身是中国地质大学（武汉）博物馆，已有23年的建馆历史。长期以来，该馆在为高校教学、科研服务的同时，一直坚持面向社会广泛开展地学科普教育，精心打造科普教育的品牌，取得了显著成绩，赢得了社会各界的一致赞誉，得到了国家和省、市有关部门的良好评价。 交通,,,,,门票35人民币,,湖北省武汉市鲁磨路388号中国地质大学博物馆,,5427484,中国地质大学博物馆
12,,,,,,,,中国湖北省武汉市洪山区公正路,,6720615,湖北省图书馆
13,,,,,,,,中国湖北省武汉市硚口区沿河大道246号,,3298701,汉江江滩
19,,,,,,,,湖北省武汉市武昌区都府堤41号,,6630972,武汉毛泽东故居
12,蛇山位于武汉市武昌区长江南岸边。蛇山又名黄鹄山，绵亘蜿蜒，形如伏蛇，头临大江，尾插闹市。与汉阳龟山隔江相望，武汉长江大桥的南岸和汉阳龟山的北岸为一桥飞架的南北交点。蛇山长约1790米，海拔85米，宽约25—30米，山上古迹甚多，名胜也不少，均呈斜陡长狭形，形势十分险恶。在长约2公里的山上，历代建有众多的名胜古迹，驰名的楼阁亭台有20多处，历代名人崔颢、孟浩然、李白、王维、陆游等10多人，均先后登临游赏，吟诗作赋，留下“寒花媚幽石，疏林带高阁”，“桃桦深处暖云浮，隔树红妆倚翠楼”等名句三国时期，蛇山称江夏山，又名紫竹岭。北魏时称黄鹤山，宋朝称石城山，元朝时称长寿山，明朝时被誉为金华山和灵山。其间，以蛇山为山名，是南宋诗人陆游的《入蜀记》中“缭绕为伏蛇……”故后世称蛇山者为多；至清乾露江夏县志》已有蛇山之名。1909年《湖北省城内外详图》正式标名为蛇山。早在公元223 年，三国时筑夏口城于其上，历代不断扩建，名区 胜景甚多。驰多的楼阁在黄鹤楼、八极楼、白云楼、留云阁、一览亭 等达20多处，故有“鄂之神皋奥区”的美称。历代名人如崔颢、孟浩 然、李白、白居易、王维、陆游等，均先后登临游赏，行吟作歌，留 下佳作颇多。现存胜迹可供参观游览的有：在蛇山之巅的黄鹤楼；在 长江大桥引桥东头的胜象宝塔；在蛇山南麓的陈友谅墓；在蛇山中部 顶端的岳武穆遗像亭，简称岳飞亭；在蛇山南腰处的抱冰堂；在蛇山 尾部武昌大东门外的长春观，以及许多重要的石刻碑刻等。其名胜古迹数不胜数，现存除黄鹤楼外，尚有白云楼、八极楼、静春台、奇章台、斗姥阁、留云阁、西夹阁、仙枣亭、石照亭、压云庄、一览亭等二十多处。飞檐崇脊，危耸半空；金碧辉煌，且大都与道教及神话传说有关。蛇山尾部的长春观，建于元代，是此山的道教中心，其他另有胜象宝塔、抱冰堂、涌月台、岳飞亭、黄兴铜像及历代名士的许多重要碑刻题记等。亿万年前，武汉地区虽多次海陆交替，惟蛇山未受任何影响，它起伏自若，呈狭长形，屹立于武昌城中，山中各朝代据考证均有其遗迹，可惜至今多数已不复存在了。1924年为纪念武昌起义，将原有蛇山公元改建为首义公园，此为武汉三镇最早的公园（比中山公园早三年）。蛇山头枕大江，尾过小东门。自古以来，为兵家必争之地。公元223年，东吴筑口城于蛇山上，以御外敌，。辛亥武昌首义，起义军首破中和门（即起义门），1912年，为纪念武昌起义改中和门为起义门，当时起义军率先占领蛇山，在蛇山架炮猛轰清兵，为首义成功开辟了道路。蛇山虽不大，但名胜古迹甚多，自晋代以后，历代不断扩建，寺庙宫祠、亭台楼阁、山石秀丽，绿荫陪衬，历代名人均攀登此山观赏并写歌赋诗。写有“寒光媚幽石，疏林带音阁”、“桃花深处暖云浮，隔书红妆倚翠楼”名句佳作。此后由于天灾人祸，景观大多废毁，许多遗址不复存在。至1924年——1984年，蛇山由首义公园管辖，经多年兴建修缮有黄鹤楼、白云阁、落雁轩，辛亥革命武昌首义纪念碑、胜像宝塔、槌冰堂、古州城遗址，陈友谅墓等文物名胜亦在此山，陈友谅是元朝末农民起义军领袖，并自立为帝。陈于1363年与朱元璋决战失败后，中箭身亡，葬于蛇山。在首义公园成立槌冰堂是张之洞之门生为纪念张之洞而集资兴建。解放后，为满足劳动人民的文化生活需要，人民政府在经济十分困难的情况下，大力扶持古建筑文化不断修葺增建使蛇山景观不断添新，使蛇山昔日之辉煌再现，游人缅怀历代英豪，莫不为之赞叹不已，人们堪称武昌蛇山实为江城之一大古迹和景观，并为武汉人民仰慕之圣地。,,,半天,,20.00元,08:00~16:30,武汉市武昌区长江南岸边,,3316516,蛇山
19,,027-84706615,,,,,,武汉市汉阳区鹦鹉大道,,35630,汉阳国际博览中心
15,,027-84237002,,,,,,汉阳区车城大道118号,,31647,汤湖公园
17,,027-85360503,,,,,,中国湖北省武汉市江汉区沿江大道,,31644,龙王庙公园
17,胜天农庄的自然风景十分独特。天山古城，海拔高度587米，始建于太平天国时期，古城依山就势，以青石干砌而成，城墙高4米左右，占地面积约10000多平方米。城内建筑错落有致，布局呈田字形，现保存基本完好。城墙历经百年风雨而不倒塌。更具特色的是古城只有一独门嵌砌于城墙之上，反其道为西北而开。整个古城坐落在形如神龟的龟驮石山之上，远望有神龟托峰之势！胜天湖，位于山谷底部的风景区入口处，原名胜天水库。湖面宽阔，湖边田畴如织，山林葱郁，蓝天碧水，山色空濛，你进入农庄仿佛置身一副山水图画之中。从谷底沿山脉而上有一条长达千余米的沟壑，名叫黑沟。沟中奇石纷呈，怪树丛生，绝壁悬崖，明溪暗泉，飞禽走兽，奇花异果，无不令人惊奇。黑沟顶端的千杆竹林之下一弯碧水，洁净若雪，人称瑶池。瑶池的传说于风景一样美丽动人。沿山路而行，更有“茶麻古道”、“一龙泉”、“枫林洼”、“仓板石”、“爱峰”、“洗手堰”等亮点风景，让你领略分享。,027-85003604;13607180624,,,公交路线： A.292路（3元）公汽到黄陂转（长堰6元）巴士到长堰（坐面的25元到胜天农庄） B.汉口长途汽车站、汉口火车站（金家墩）客运站巴士（10元）到长堰（坐面的到胜天庄）武汉（汉口）距离黄陂胜天农庄全程56公里 。 自驾：从任何一个城市自驾到湖北武汉，上武汉外环高速公路--上岱黄高速公路--下高速公路转盘直行（红安、麻城方向）--过黄陂滠水大桥一公里十字路口左转（木兰草原方向，路口有个加油站）--走到18公里即到胜天农庄大门楼--进大门2公里即到胜天农庄。武昌和青山的走二桥从竹叶山上岱黄高速；汉阳和蔡甸的走三环上岱黄高速；孝感走汉十上岱黄高速，或者走杨店到黄陂 与武汉外环和岱黄高速有连接的公路：京珠高速、汉宜高速、武黄高速、汉十高速、汉英高速、武麻高速、机场高速均连接武汉外环高速和岱黄高速、自驾交通便捷，武汉城市圈2个小时均可以到达胜天农庄。,"1、胜天农庄全票：88元/张，湖北村游网预定只需：65元 2、胜天农庄老人票、学生票：68元/张，湖北村游网预定只需：48元 3、cs野战（最低预订人数10人、不含景区门票）：90元/人,湖北村游网预定团队只需：70元",08:00—17:00。,湖北省武汉市黄陂区长堰村王家河镇,,5427081,武汉胜天生态农庄
11,,,,,,,,武汉市洪山区,,6199,天兴洲
13,,027-62338069,,,,,,湖北省武汉市江岸区友谊路,,6630973,汉口近代建筑群
15,是观赏黄鹤楼、蛇山、长江的极佳景点。白云阁历史上曾是南楼的别称，阁名源于唐代诗人崔颢“黄鹤一去不复返，白云千载空悠悠”的诗句。,,,,,,,武珞路阅马场黄鹤楼景区蛇山高观山山顶,,7386714,白云阁
31,农耕年华坐落在黄陂区武湖农场汉施公路旁，占地面积3000亩。园内农业旅游资源丰富，景色秀丽，平原、草原、丘陵、山坡、湿地、湖泊、溪流、池塘错落有致；农耕作物品种齐全，花草瓜果满园飘香，珍稀植物种类繁多，飞禽走兽千姿百态；各类建筑巧夺天工，镇、村、塔、桥星罗棋布；农耕文化源远流长，农政思想底蕴厚重。农业风情园，自然环境保持完好，农业旅游资源丰富，景色秀丽，风光旖旎。地形地貌错综复杂，平原、草原、丘陵、山坡、湿地、湖泊、溪流、池塘，共处一园。园内农耕作物品种齐全，五谷蔬菜应有尽有，家禽牲畜兴旺茁壮，温室大棚布列井然。珍稀植物种类繁多，彩树竹林色彩斑斓，青藤缠绕果实累累，花草果瓜香飘满园。飞禽走兽竞展英姿，马鹿奔驰百鸟歌唱，孔雀开屏天鹅振翅，百鸡啼鸣玉兔穿梭。园内建筑巧夺天工，墨溪古镇古色古香，乡村木屋别致大方，诸多桥梁各式各样，五级宝塔巍峨雄壮。呈现出农耕园、植物园、动物园、园林园的巨幅画卷。园内文化底蕴厚重，到处深刻着农耕文化、农政思想的历史印记。,027-61818518;027-61818599,http://www.jhngnh.com,,公共交通班车： 1、竹叶山 乘293路公交车直达 2、新荣村（堤角） 乘232路到中心路下车即到 3、武汉火车站 乘234路下天兴洲大桥车转232即到 自驾游线路（无收费站） 1、长江二桥方向—永清街—二七路—堤角—武湖农场—农耕年华 2、青山方向—天兴洲长江大桥—武湖农场—农耕年华,70元,8:30—17:30,武汉市黄陂区武湖农场中心路（汉施公路旁）,,5427068,武汉农耕年华
12,,027-82435212,,,,,,武汉市江岸区解放道1821号,,5768,武汉园林
6,又称“南洋大楼”，爱国华侨简照南、简照强兄弟于1917年投资兴建，1921年竣工。大楼为前后两栋，外观雄伟壮观。1926年底国民政府从广州迁汉口，于1927年元旦开始在此办公。宋庆龄、邓演达、唐生智、谭延闿、吴玉章、林伯渠、董必武、恽代英、毛泽东、谭平山、苏兆征等人都在此工作或活动过。1927年3月10日－17日，国民党在该楼三楼会议厅召开二届三中全会。这次会议坚持反帝反封建的政治主张，坚决执行孙中山“联俄、联共、扶助农工”三大政策，对蒋介石的军事独裁进行了坚决的斗争。会议通过了《统一党的领导机关案》、《对农民宣言》、《惩治土豪劣绅条例》等20多个决议案。旧址现保存完好，在三楼辟有武汉国民政府旧址纪念馆。现为全国重点文物保护单位。,027-85663790,,1-2小时,,免费。,8:00-21:00,湖北省武汉市江汉区中山大道706号,,31583,武汉国民政府旧址
11,​“农耕年华”农业风情园，自然环境保持完好，农业旅游资源丰富，景色秀丽，风光旖旎。地形地貌错综复杂，平原、草原、丘陵、山坡、湿地、湖泊、溪流、池塘，共处一园。园内农耕作物品种齐全，五谷蔬菜应有尽有，家禽牲畜兴旺茁壮，温室大棚布列井然。,027-61818599,,,公共交通班车       1、黄孝河竹叶山乘293路公交车直达；（强烈推荐此条线路）       2、新荣村（堤角）乘232路到中心路下车即到       3、武汉火车站乘234路下天兴洲大桥车转232即到       自驾游线路（无收费站）      1、长江二桥方向—永清街—二七路—堤角—武湖农场—农耕年华      2、青山方向—天兴洲长江大桥—武湖农场—农耕年华,,,湖北省武汉市黄陂区武湖农场汉施公路旁,,7696405,农耕年华
23,荷兰风情园总占地面积近8万平方米，其中人工湖约4800平方米。公园大体呈梯形，东西长约340米，南北宽约190－250米。人工湖位于公园中央，湖边西面除了大面积种植郁金香与风信子外，还有源自欧洲大陆的西洋樱草、金盏菊、三色堇、花毛茛等花卉。整个风情园花卉总量超过45万盆。  武汉荷兰风情园位于洪山区民族大道东侧，武汉科技学院以北。武汉市园林局介绍，此处原为关山公园，去年2月武汉市政府决定将其建设成为荷兰风情园，作为该市与荷兰阿纳姆市友好交流的历史见证。  大风车无疑成为荷兰风情园的一大亮点。进入荷兰风情园，高耸的大风车直入眼帘。这个大风车高13米，扇叶半径为7米，风车转动时最高点可达到21米。,,,,,,,湖北省武汉市洪山区民族大道163号,,7392202,荷兰风情园
11,,027-85748936,,,,,,建设大道705号,,3311487,西北湖绿化广场
14,位于武汉大学校区东北方向，属于老武大“湖滨”住宿区。门内有新建的港澳台学生宿舍，和在武大传闻已久的湖滨鬼舍。 这里有亲水平台深到东湖水面上，每逢夏日就有许多武汉市民和武大学子前来免费游泳。这里也有许多摆渡的船家，摇橹船或是电动船可以将游人带到听涛景区和磨山景区。,,,,,,,湖北省武汉武昌区东湖南路凌波门,,5688581,东湖南路凌波门
7,,,,,,,,武汉市东西湖区,,35608,金银湖
9,东湖落雁景区北依白马景区，南与磨山景区隔湖相望，东临青王公路，规划用地总面积为10.24平方公里。她是国家AAAA级景区东湖风景名胜区的重要组成部分，自2000年起，先后建成了清河古桥、鹊桥相会、雁洲索桥、芦洲古渡、赵氏花园、古树奇观、雁栖坪沙、芦洲落雁等八大景观。该园植被茂盛、风动林涛、港汊交错、水鸟众多，东湖风景区得天独厚的自然风光造就了它秀美的生态环境和景观，同时园内还集中修建了一批体现楚地民俗文化历史的雕塑和建筑。,027-86430462,,,,,,洪山区东湖风景区磨山景区旁,,3303334,武汉东湖风景区落雁景区
14,,,,,,,,湖北省武汉市硚口古田四路与南泥湾大道交叉处,,9081336,江城壹号文化创意园
9,,027-82804028,,,,,,武汉市江岸区南京路124号,,35639,吴家花园
11,“白云洞”座落在武汉市南郊，距武昌火车站25公里，东靠京广铁路，西临长江和107国道，交通十分便利。背靠海拔270余米八分山，是一座天然大溶洞，据《江夏县誌》记载：“白云洞又名石洞”相传为“白龙仙子所居之仙乡”，又传说昔日黄鹤飞离黄鹤楼之后，曾落脚此洞栖息，故有白云黄鹤之说，今天称之为石洞山城，或简称石洞。 交通 自驾：武昌火车站—白沙洲大道—武咸路—G107—纸金路—白云洞景区,,,,,,,湖北武汉南郊下川村北5公里处,,5503885,白云洞军事旅游风景区
7,石榴红村，隶属于湖北省武汉市东西湖区管辖，曾是个名不见经传的偏僻小村，位于湖北省武汉市东西湖区慈惠街，全村200多户，有200多亩耕地，主导产业是蔬菜种植。,,,,,,,湖北省武汉市东西湖区慈惠街,,7392748,石榴红村
11,建校于1972年，前称武汉化工学院，为原化工部主管，中南地区唯一一所化工类院校。,,,,,,,武汉市江夏区流芳大道19号,,7687622,武汉工程大学流芳校区
9,,027-84710440,,,,,,武汉市汉阳区洗马长街86号,,35813,禹碑
8,八七”会议会址为一栋三层的西式楼房，建于1920年，原是英国人建造的公寓，名为怡和新房，一楼是外商开办的商店，二、三楼为住房。国民革命军北伐占领武汉后，二楼是苏联援华农业顾问洛卓莫夫的住处.“八七”会议就在洛卓莫夫的住房内召开。会址保存完好，会议会场已经复原，一楼陈列有“八七”会议的史料和文物。1927年，蒋介石、汪精卫先后叛变革命，第一次国内革命战争失败，中国革命处在一个十分紧急的关头，8月7日，中共中央举行了紧急会议，亦即“八七”会议，瞿秋白、李维汉、毛泽东、苏兆征、罗亦农、张太雷、邓中夏、陆定一、邓小平等人参加了会议。会议批判和纠正了陈独秀的右倾投降主义路线，撤消了他的总书记职务，选出了瞿秋白为首的中央临时政治局，确定了土地革命和武装反抗国民党反动统治的总方针，决定发动湘、鄂、赣、粤等省秋收起义。毛泽东当选为中央临时政治局候补委员，并在会议上发言，提出了“枪杆子里出政权”的著名思想。（国家文物局）,,,,,,,湖北省武汉市江汉区鄱阳街139号,,6630979,八七会议旧址
2,,,,,,,,湖北省武汉市武昌区徐东大街‎,,6630981,徐东商业街
1,螃蟹甲因其东端呈蟹钳形，故名。武昌古城墙曾沿此山脊而筑，故有城山之名。现西段北临东城壕处仍留有城墙残迹，城砖嵌于山坡，长约百米，高约5米，清晰可见。,,,,,,,武汉市武昌区昙华林与中山路之间,,6224,螃蟹甲
7,武汉东湖楚城，简称东湖风景区，位于中国湖北省武汉市中心城区，是国家AAAAA级旅游景区。武汉东湖是以天然湖泊景观为核心，湖光山色为特色的大型观光旅游景区，在中国的历史文化和风景名胜中具有重要地位。武汉东湖每年接待游客达数百万人次，是华中地区最大的风景游览地，。东湖因位于中国湖北省武汉市武昌东部，故此得名，现为中国水域面积最为广阔的城中湖之一，水域面积达88平方公里，是杭州西湖的六倍。   东湖生态旅游风景区面积88平方公里，由听涛、磨山、落雁、吹笛和湖北省博物馆五个片区组成，素有“楚韵山水、大美东湖”的美称。武汉东湖也是中国最大的赏花胜地。武汉大学等全国重点大学坐落在东湖湖畔，成为一道绝佳的风景线。,,,,,,,湖北省武汉市武昌区沿湖路,,3313345,东湖楚城
3,,,,,,,,武汉市江岸区车站路1号,,6241,汉口美国领事馆旧址
2,,027-87190168;027-87190222,,,,,,洪山区珞瑜路461号,,31628,武汉体育学院
7,,027-87481030,,,,,,武汉市洪山区鲁磨路388号中国地质大学内,,35607,恐龙化石博物馆
8,,,,,,,,武汉市黄陂区S1岱黄高速出口,,35609,灵泉寺
2,,027-87641163,,,,,,武汉市武昌区南麓武珞路517号,,5787,施洋烈士陵园
13,,,,,,,,湖北省武汉江岸区,,35641,长春街
7,,,,,,,,冶金大道30,,3331179,中国武钢博物馆
1,,027-86776341,,,,20元,,武汉市武昌区东湖路182号,,6773,东湖鸟语林(已停业)
15,　　大好河山休闲旅游区位于武汉市蔡甸区，毗邻武汉开发区，邻近汉宜高速，交通便捷，这里是知音故里，亦是国家级森林公园，其中林木翠绿、空气清新、四季色彩绚丽、湖光渺渺、水流潺潺，自然资源丰富，具有深厚的人文底蕴，在您游览行走间，丝竹器乐之声飘逸入耳、高山流水之情荡漾于心，这种轻松惬意的感觉让人如何不想往。　　大好河山已成为市民观光踏青、户外拓展运动、企业会议培训、运动休闲的热点。 连理湖：“连理湖上接连理 ”， 湖光渺渺、水波荡漾的连理湖为婚典文化区，这里精心打造的大型水上生态浪漫婚典、草坪婚典、56民族民俗婚典、西式婚典等，完美展现了婚典文化魅力，让您充分感受到“在旅游中婚典 在婚典中旅游”。 　　　　知音谷：琴声幽幽、水流潺潺的知音谷，在山谷间延山涧逆流而上，子期草庐、山人居、洗月池、抚琴石等景点建筑及人文典故，完美演绎着“高山流水遇知音 ”的千古经典文化。诗竹轩：竹林掩映、清新俊雅、茶园旁卧的诗竹轩，为茶文化、琴棋书画、摄影展、学术会议等活动区。 交通,,,,,门票30人民币,08:30—17:00。,武汉市蔡甸区永安镇九真山。,,5426973,武汉大好河山休闲旅游区
7,,,,,,,,武昌区武昌洪山宝通寺后山,,3446923,洪山宝塔
8,,,,,,,,武汉市武昌区彭刘杨路258号,,17641435,辛亥革命博物馆
7,1866年，意大利传教士明仁笃主教从英租界工部局购地皮6044平方米，委托另一意大利教士余作宾修建教堂，系罗马巴西利卡式建筑风格。,,,,,,,湖北省武汉市江岸区上海路16号 ‎,,8084137,汉口天主堂
2,,,,,,,,中国湖北省武汉市武昌区友谊大道368号,,5680374,湖北大学
10,,028-85568847,,,,,,武汉市蔡甸区,,35652,嵩阳森林公园
5,荆州长江大桥位于湖北省长江中游的荆江河段，与318国道、宜黄高速公路、襄荆高速公路、荆常高速公路相连，是207国道跨越长河的咽喉工程。,,,,,,,湖北省长江中游的荆江河段,,9080812,荆州长江大桥
8,在黄鹤楼以东132米处，钢筋混凝土仿木结构，于1991年重建。亭名取自“崔颢题诗李白搁笔”的一段佳话。,,,,,,,武珞路阅马场黄鹤楼景区黄鹤楼以东132米处,,7386720,搁笔亭
5,1954年夏天，武汉遭受百年未遇的洪水威胁，当时武汉150万市民总动员，历时100天防汛，保卫了大武汉。1954年10月11日毛主席为武汉防汛斗争胜利题词：“慶祝武漢人民戰勝了一九五四年的洪水，還要準備戰勝今後可能發生的同樣嚴重的洪水。 毛澤東”    1969年， “毛主席为武汉人民战胜一九五四年洪水题词纪念碑”建立。,,,,,,,武汉江滩公园市政府段,,7386285,抗洪纪念碑
11,,,,,,,,湖北省武汉市武昌区沿湖大道,,6630987,屈原纪念馆
6,,,,,,,,中国湖北省武汉市汉阳区汉阳大道74号,,5687071,汉阳公园
14,前身为江汉苗圃，位于汉口常青路西侧，占地面积25.46万平方米，绿地面积21.87万平方米，水面积1.67万平方米，绿地率为91.93%，于1997年开始建设。该园拟建成一座具有欧式风格的公园。已建成首期16万平方米对外开放。,,,,,,08:00 - 18:00,中国湖北省武汉市江汉区江达路,,5681691,常青公园
1,原在武汉市武昌城外江中。相传由东汉末年弥衡在黄祖的长子黄射大会宾客时，即席挥笔写就一篇“锵锵戛金玉，句句欲飞鸣”的《鹦鹉赋》而得名。后弥衡被黄祖杀害，亦葬于洲上。历代不少名人，“藏船鹦鹉之洲”纵观大江景色，留下了很多诗篇，唐崔颢“晴川历历汉阳树，芳草萋萋鹦鹉洲”、李白“烟开兰叶香风暖，岸夹桃花锦浪生”、孟浩然“昔登江上黄鹤楼，遥看江中鹦鹉洲”，更是传颂一时的佳句。但此洲在明末逐渐沉没。现在汉阳拦江堤外的鹦鹉洲，系清乾隆年间（1736-1795）新淤的一洲，曾名“补课洲”，嘉庆间（1796一182O）将补课洲改名鹦鹉洲，并于光绪二十六年（1900年）重修了弥衡墓。墓为石建，方形，额题“汉处士弥衡墓”，甚为古朴别致。,,,,,,,武汉市汉阳区,,6227,鹦鹉洲
8,,,,,,,,武昌区武昌首义园美食广场横路内,,6471,梁子岛
15,1901年前后巴氏兄弟在汉口俄租界买了一大块地皮，范围包括东西向由两仪街（今洞庭街）到珞珈碑路（今珞珈山街），南北向由列尔宾街（今兰陵路）到今天的黎黄陂路。并在两仪街与三教街（今鄱阳街）交汇于黎黄陂路到兰陵路间的三角地带盖起了一栋等腰三角形的大房子，1901年始建，于1910年建成。这就是人们所称的巴公房子。建成后的巴公房子成为这一带俄租界的标志性建筑。,,,,313路、711路、559路、581路、588路、598路、707路、38路、轨道交通1号线、56路、520路、526路、548路、601路、608路、402路、801路、534路、622路、212路、68路、708路、721路、30路、502路、523路、527路、579路、606路、533路、553路等。,,,湖北省武汉市江岸区鄱阳街86号,,3310554,巴公房子
12,武汉三尤酒瓶博物馆由武汉市文化局领导管理，2003年批准成立的4个私人博物馆之一。馆藏酒瓶壹万余只（全部为精美陶瓷类的，每个都不一样），以收藏展示陶瓷，紫砂，艺术酒瓶（包括历朝历代）研究酒文化为宗旨的文化实体，专门从事酒文化研究，探讨和整理。,027-83212097,,,市区坐736路、741路、505路.222路三秀路站下。 621路.737路.二雅路下。 轻轨一号线五环路站下5分钟都直达景区。,20元,8：00-17：00,武汉市东西湖区开屏里66号,,5427599,武汉三尤酒瓶博物馆
23,云雾山以重峦叠嶂、气势雄伟而闻名江汉，是大别山脉与江汉平原的过渡地带，也是武汉市延绵最长的山脉。东至长岭镇山界，南与袁李湾富家冲新塘接壤，西北至孝昌县山界，总面积21.3平方公里。山内四季分明、日照充足，常年平均气温18℃，雨量充沛、气候宜人。植物种类丰富，有各种树木150余种，中草药材600余种，奇花异草，四时交替，森林覆盖率95%以上。气氛幽静，野趣弥漫，现已发现的兽类和禽类就有20多种。水体资源更是丰富，河溪纵横，泉瀑相间，滩潭点缀。云雾山以重峦叠嶂、气势雄伟而闻名江汉，是大别山脉与江汉平原的过渡地带，也是武汉市延绵最长的山脉。东至长岭镇山界，南与袁李湾富家冲新塘接壤，西北至孝昌县山界，总面积21.3平方公里。山内四季分明、日照充足，常年平均气温18℃，雨量充沛、气候宜人。植物种类丰富，有各种树木150余种，中草药材600余种，奇花异草，四时交替，森林覆盖率95%以上。气氛幽静，野趣弥漫，现已发现的兽类和禽类就有20多种。水体资源更是丰富，河溪纵横，泉瀑相间，滩潭点缀。,027-61661366,http://www.yunwushan.cn/Index.html,,乘车 从汉口头道街汽车站乘坐汉口至泡桐的中巴，抵达之后乘坐当地的“麻木”就可到达，8元/车。从汉口的发车时间末班大概是下午六点。从泡桐返回的中巴，末班是下午四点。票价10元。  自驾 路线一：汉口竹叶山走岱黄高速到黄陂向左转走黄孝公路至达义向右转走祁泡公路到泡桐店乘三轮车5分钟即可到达云雾山景区。 线路二:武汉汉口走机场高速经天河经祁泡公路到泡桐店乘三轮车5分钟即可到达云雾山景区。 线路三：中环将军路到横店再到张家店互通经祁泡公路到泡桐店乘三轮车5分钟即可到达云雾山景区。 贴士：从大门口到花神广场步行得两个多小时，建议坐景区内的电瓶车到花神广场，赏花后再步行游下山。,成人票50元，儿童票：身高1.2-1.4m半票25元，1.2m以下免票，60周岁到70周岁持老年证半票25元，70周岁以上凭老年证免票,7:00-19:00,湖北省武汉市黄陂区(西北部泡桐店境内),,5427215,云雾山
8,,,,,,,,卓刀泉路27,,3316280,古卓刀泉寺
2,,027-82320910,,,,,,中国湖北省武汉市江岸区解放大道2058号,,5689569,堤角公园
11,,,,,,,,水果湖畔,,3308654,放鹰台遗址
6,,,,,,,,湖北省武汉市江汉区香港路,,6630988,江汉湖区湿地
6,,,,,,,,中国湖北省武汉市武昌区解放路486号,,3318297,武昌廉政文化公园
2,武汉大学东湖分校即武汉东湖学院。 武汉东湖学院是国家教育部直属“211工程”及“985工程”建设重点大学、国家本科教学工作优秀学校——武汉大学申办的第一所独立院校。学校始建于2000年，位于素有“九省通衢”之称的湖北省武汉市，校园占地面积1507亩。学校现有60余个普通本、专科专业，涵盖文学、法学、理学、工学、经济学、管理学和艺术学等7个学科门类。学校有教师723人，其中中国工程院院士1人，国务院特殊津贴的专家9人，国家岗位科学家1人，博士生导师15人，硕士生导师61人。,,http://www.wdu.edu.cn/,,,,,中国湖北省武汉市江夏区文化路,,6046862,武汉大学东湖分校(东大门)
1,,,,,,,,武汉市江夏区五里界周岭村委会,,7690351,当代薰衣草风情园
5,位于黄鹤楼以西50米的正面台阶前裸露的岸石上，由龟、蛇、鹤三种吉祥动物组成。龟、蛇驮着双鹤奋力向上，黄鹤帽脚踏龟、蛇俯瞰人间。该铜雕高5.1米，重3.8吨，系纯黄铜铸成。,,,,,,,武珞路阅马场黄鹤楼景区黄鹤楼以西50米,,7386726,黄鹤归来铜雕
2,武当峡谷漂流位于湖北省丹江口市浪河镇黄龙山景区，漂流全程7.8公里，落差188米。丹江口武当峡谷漂流地处316国道，北距汉十高速武当山风景区出口20公里，东距土关垭出口9公里，距十堰市60公里，襄樊98公里，武汉360公里，西安280公里，郑州380公里。是目前鄂西北地区规模最大，自然河道最长，基础设施最完善，生态保护最完好的漂流。这里地理位置优越，有山有水，峡谷蜿蜒曲折，时缓时急，两岸壁石耸立，林木茂密。白天既可以水上的惊险刺激，又可领略沿岸的旖旎风景，夜晚还可以领略带有浓郁的阿里山风情的篝火晚会。整个景区集“雄、险、秀、奇、幽”于一体，堪称水上旅游的理想之地。 景区内人文自然风景比比皆是：清末庄园、老屋场、桂花场、八丈崖洞、碧玉潭、清凉谷、半月潭、珍珠瀑布、隔水飞岩、百步天梯、棋盘山观日出、阿里山文化风情园、画眉谷野战营等景点。景区周边旅游资源丰富，北有武当山、太极湖、金蟾峡、银梦湖，南有神农架、谷城薤山、承恩寺、房县野人谷，东有丹江大坝、净乐宫、牛河松林公园等著名景区。 景区内万亩茶园采茶：宝岛台湾阿里山集团高科技农业园提供的有机春季绿茶、红茶、铁观音及乌龙茶，让您感受到阿里山姑娘采茶的乐趣。另外采摘的茶叶可以通过景区茶厂专业技师代为炒制，活动结束游客可免费带走自己亲自采摘的茶叶干品。另外现场品尝各种档次的茶叶，由国内著名茶艺大师亲临现场讲解茶文化、茶知识，让您收获一生中最丰富的茶文化。,,,,公交线路 1.十堰到武当峡谷漂流乘车路线：十堰客运南站（十堰至丹江）—浪河3602路口（约一小时）—武当峡谷漂流（全程约一个半小时）2.襄阳到武当峡谷漂流乘车路线：襄阳汽车站（襄阳至十堰）—土关垭高速路口—浪河3602路口—武当峡谷漂流（全程约两个半小时） 自驾线路 1.十堰市区：十堰市区——十堰高速——土关垭高速路口——右手边指示牌（约25分钟）——浪河3602路口——峡谷漂流景区（全程约1小时） 2.襄阳：襄阳市区——襄阳高速——土关垭高速路口（向十堰方向行驶约20分钟）——浪河3602路口——绣漂流景区（全程约2小时） 3.丹江口：人民路-孟土路-G316-浪河大桥-终点(在道路右侧),,武当峡谷漂流景区：10:00—15:00 武当峡谷第一漂开漂时间：12：00-15：00,湖北省丹江口市浪河镇黄龙山景区,,5430559,武当峡谷漂流景区
7,‍‍花海乐园景区坐落于‍‍湖北省武汉市黄陂区研子镇木兰景区群，占地面积1500余亩，景区以“花木兰”文化为主题，以一年四季独具特色的梯田生态花卉景观及婚纱摄影为特色，辅以刺激、惊险的互动体验式游乐项目和精彩绝伦的特技表演，组成了一片坡地七彩花田和五大游玩主题区。‍‍,,,,公共交通：乘坐292前往黄陂旅游集散中心（终点），换乘大余湾班车即到。  自驾车：汉口竹叶山岱黄高速到黄陂转盘处，往木兰山大余湾方向直行约10公里至研子镇，沿右侧花海乐园旅游景区路牌行驶3公里即到。,,9:00-17:30。,武汉市黄陂区双泉村（大余湾景区对面）,,16747657,花海乐园
12,,,,,,,,中国湖北省武汉市武昌区天鹅路,,5687168,天鹅路放鹰台
10,东湖小天池CS野战（地点：武汉植物园梦天湖大酒店旁边）进行大型野外活动项目：真人CS 攻防战、  VIP保护战、进行剧本式战争：渗透者---死神舞蹈---圈套---沉默（攻防战:互为攻防、考验团队默契度VIP保护战:保护好VIP，安全到达指定地点，成功完成团队任务！剧本式战争:按照战争剧本进行实战演练，让队员真正体验到“你不是一个人在战斗”，不要当炮灰，我们拒绝无谓的牺牲，战术和配合在这一刻展现出来）,,,,,门票50人民币,,武昌南湖花园松涛苑,,5427303,东湖小天池CS野战
4,"卓刀泉起于东汉末年公元208年，蜀将关羽驻兵于武昌伏虎山，因缺水，羽以刀卓地，水涌成泉，故名卓刀泉。北临湖北武汉东湖风景区，东倚伏虎山。寺庙大部分建筑毁于战火，现存建筑大致为1916年重修。山门上刻有""卓刀泉""三字，进山门，为一四合院落。院落中央，为泉井；左右两厢为禅堂。再进为正殿，供关羽塑像。庙前泉水淙淙，庙周古木森森，宁静幽闲，别具山野情趣。",,,,,,,武汉市洪山区卓刀泉北路东湖桥1号,,3314219,卓刀泉
3,,,,,,,,湖北省武汉市洪山区,,3312159,朱碑亭
1,亭六角攒尖顶，翠瓦飞檐，宏丽壮观。亭内立有大理石碑，在正面刻有“六一惨案纪念碑”七字。背面记载着１９４７年５月２２日武汉大  学等校师生在中国共产党领导下进行反内战、反饥饿、反迫害斗争的经过和烈士殉难始末。  　,,,,,,,武昌区珞珈山山路16号武汉大学内,,6207,六一纪念亭
8,"道观河风景区位于新洲区东20km，距武汉市区69km，东与黄冈接壤，北与麻城毗邻。属大别山麓。 道观河地区的地貌一如它的身世坎坷起伏。东部是连绵的山丘，西部是丘陵岗地。一条河流,四季潺潺,自东向西而去，因该河与我国绝大多数河流的流向相反(自西向东)，因此人们称之为倒灌河。自东晋时有一著名道士羡慕此地风水，前来筑室炼丹，后来得道成仙。世人为了纪念他，于是将该河流改称道观河。 交通：在武汉客运港长途汽车站乘坐市郊旅游专线2路，汽车直达新洲道观河风景区，每日始发时间为早上9：00，单程票价为18元/人。",,,,,大门票：10元/人、报恩寺3元/人、宝玉石博览馆10元/人。,8:00—18:00,位于新洲区东20km，距武汉市区69km,,5434170,道观河风景区
2,,,,,,,,中国湖北省武汉市汉阳区汉阳大道2号,,3307512,汉阳莲花湖公园
12,,,,,,,,中国湖北省武汉市武昌区武珞路114号,,3319316,龙华寺
9,,027-88876559,,,,,,湖北省武汉市武昌区昙华林2号,,5685088,崇真堂
3,,027-68895192,,,,,,中国湖北省武汉市武昌区中山路374号,,5686757,湖北省美术院
3,,,,,,,,中国湖北省武汉市武昌区津水路,,35628,楚望台
1,,,,,,,,中国湖北省武汉市武昌区洪山路,,5686950,武汉工业学院
4,武汉黄陂知青岁月老年公寓占地100多亩，建筑面积15000平方米，总投资7000万元。演艺，毛泽东思想文艺宣传的怀旧演出，亦可自编自演、自娱自乐；怀旧展览，大型文革知青的文物书画展出，亦可自学自画自看。 交通,,,,,门票65人民币,,武汉市黄陂区长轩岭街,,5428597,知青岁月
1,武汉大学图书馆信息科学分馆位于珞珈山南麓，信息科学学部的中心。前身是武汉测绘科技大学图书馆，创建于1956年9月，1962年1月新馆建成，建筑面积6351平米。信息科学分馆是全国测绘科学文献收藏比较完备的单位之一。主要收藏大地测量、工程测量、摄影测量与遥感、地图制图、地理信息工程、测量仪器与制造、计算机科学、无线电电子学、电信技术、印刷技术、环境科学等学科的中外文图书、期刊、会议文献、本校区硕、博学位论文、技术标准、规范等各种类型的文献资料，《国外科学技术核心期刊总览》测绘学类核心期刊表中的12种期刊全部收藏；世界上出版最早的德国《测量》杂志从1873年的创刊号至今收藏完整。截止2006年底，信息科学分馆馆藏中外文图书约49万册、期刊5000余种、各种比例尺地形图、遥感影像相片、10万余张。,,,,,,,中国湖北省武汉市洪山区毕升路,,5689357,武汉大学图书馆信息科学分馆
1,武汉轻工大学（Wuhan Polytechnic University）原名武汉工业学院，是一所以工科为主干，工、管、理、文、经、农、艺、法等学科协调发展的多科性大学。学校创建于1951年，是全国最早一所培养粮食行业专门人才的学校。曾先后隶属于原国家粮食部、商业部、国内贸易部，1998年实行中央和地方共建，以湖北省管理为主的体制，是湖北省和国家粮食局重点支持建设的普通高校。2013年，武汉工业学院更名为武汉轻工大学。,027-83955620,,,,,,中国湖北省武汉市东西湖区马池路,,5687877,武汉轻工大学(南门)
2,,,,,,,,黎黄陂路10,,3310132,美国海军青年会旧址
5,汉口沿江大道与江汉路一带是近代时期英租界最为繁华的地区，汉口日清洋行旧址就坐落在两街交口处，是黄金地段中的黄金聚焦点。该建筑由汉口著名的建筑公司英商景明洋行设计，汉协盛营造厂施工，1928年建成，钢混结构。地上五层，地下一层，采用三段式构图。大楼在两街交口出另设以分入口，入口本身十分平淡，但上方缩进开一扇矩形窗，两侧立有爱奥尼克倚柱，顶部罩弧形山花，甚为精致，此处设计打破陈规，却产生了独特的效果。三四层之间排列爱奥尼克双柱，柱底和柱顶部都刻有精致的浮雕装饰。顶层正中建有一座古罗马风格的穹楼，塔司干双柱围拢一圈，盔型顶上开有巴洛克式小圆洞，穹楼顶端以一座小亭结束了这座装饰复杂的建筑。,,,,,,,江岸区沿江大道131,,3447541,汉口日清洋行大楼
1,,,,,,,,武汉市沿江大道,,9429127,武汉港
1,,027-88877807,,,,,,武汉市武昌区民主路187号,,31640,武汉市基督教武昌堂
2,华中地区最大郁金香主题公园、武汉“赏花游”新景点，此次百万株种球均从荷兰进口，耗资180万元，园区有五 大景点：分别为郁金香颂、翠园浣绿、樱棠霓舞、竹海听涛、东海垂钓。大郁金香核心主展区：京剧脸谱园、荷兰风情园、江南水乡园。新建荷兰风情园里荷兰风车、小木屋、竖琴广场以及 部分硬质铺装、园林扎景等全部建成；江南水乡园主要是环湖道路、水车再现水乡特色。园内还开辟有垂钓、射箭、围猎、高空秋千、花卉栽培体验等多个娱乐项目。面积近2万平方米的郁金香花海。,,,,,,,武汉市东西湖区吴新干线,,7690333,武汉东西湖郁金香主题公园
1,天行洲是长江中的沙洲，由长江中的泥沙冲积而成。天行洲约26平方公里，长江在洲头被一分为二，到洲尾再合二为一。,,,,,,,武汉市洪山区,,7392647,天行洲
3,今年的元宵节，第二届东湖灯会将延续上届的豪华阵容，不仅邀请来了国内顶级央视晚会布景团队，更融合了武汉当地特色，量身定做了近百组水陆灯组，并首次尝试融入LED、激光秀等高科技元素，市民在赏灯之余，可以体验互动激光表演和激光游戏。力图给武汉市民带来一场精致入微、气势恢宏的视觉盛宴。,,,,,,,湖北省武汉市武昌区东湖生态旅游风景区,,7047457,第二届武汉东湖灯会
2,,,,,,,,中国湖北省武汉市硚口区龙灯路,,5684151,月湖桥
1,,,,,,,8:30～17:00,湖北省武汉市武昌区,,35622,桂园
1,,,,,,,,武汉市武昌区东湖风景区西北湖畔,,6772,太平英雄  九女墩
1,中国科学院水生生物研究所，是中国唯一专门从事内陆水体生命过程、生态环境保护与生物资源利用研究的综合性学术研究机构，所址上海，1954年9月迁至武汉。,027-68780839,http://www.ihb.ac.cn/,,,,,武汉市武昌东湖南路7号,,5687250,东湖南路水生所
3,,,,,,,,武汉市黄陂区,,6566,杨楼子湾榨房
2,美国海军青年会旧址,027-82832142,,,,参考价格：岛屿观光：团队：80元/人散客：100元/人；远航精品船潜：580元/人（含体验潜水证）；岛屿潜水：480元/人（含体验潜水证）；水肺潜水：团队：260元/人散客：360元/人；摩托艇：团队,,武汉市江岸区黎黄陂路10号,,6774,武汉基督教青年会
5,“小伢当家”由大大小小的约50个场馆组成，从而形成了一个近15000平米的儿童育乐场所         1. 含盖了现实社会的多个方面，形成了一个真实的全面的模拟社区         2.每个馆的主题性在体现体验教育的主旨下，将国防、科普、拓展、竞技、亲子等方面内容进行有机调配，各自形成鲜明特色的主题馆         3.小伢当家每天二场，每场最多可接待约1000人；每场的营业时间约在4小时左右 交通,,,,,门票125人民币,,武汉市鹦鹉大道27号钟家村新世界百货8楼,,5428020,小伢当家儿童社会体验馆
1,武汉大学资源与环境科学学院是一个集工科、理科与管理类专业于一体的综合性学院，由原武汉测绘科技大学土地科学学院、原武汉大学环境科学与工程系和原武汉水利电力大学化学与环境工程系环境工程专业于2001年1月3月合并组建而成。,,,,,,,中国湖北省武汉市洪山区新疆路,,5690155,武汉大学资源与环境科学学院
6,,027-82835804;027-82844493,,,,,,洞庭街65,,3314200,詹天佑故居
4,,,,,,,,中国湖北省武汉市江汉区后襄河北路,,5679748,后襄河公园
1,武汉大学生命科学学院历史悠久，可以追溯到1893年武汉大学建校之1922年成立生物学系，1978年成立病毒学系， 1992年生物学系、病毒学系和生物工程中心合并成立生命科学学院。经过历代师生员工的努力，特别是一批学术造诣深、治学严谨、国内外知名的高水平生物学家，如汤佩松、何定杰、舒红兵等在此辛勤耕耘，使学院成为学科门类齐全，综合实力较强，在国内外有较大影响的研究型学院。长期以来，学院形成了求真务实、开拓创新的优良院风和学风，现任院长为舒红兵教授。,,http://www.bio.whu.edu.cn/,,,,,中国湖北省武汉市洪山区八一路,,5689308,武汉大学生命科学学院
4,,,,,,,,武汉市洪山区喻家山北路上,,35642,僵鱼塘
0,琴台绿化广场位于汉阳琴台立交桥边，龟山西南脚下，北边为古琴台。广场的景点布局，取“高山流水”的主题，制作了一组叠泉。广场周边以不锈钢栏杆围合，突出开阔的视野、动静强烈对比的效果，充分体现广场的开放性、时代性。 为周边居民提供了休闲娱乐的最佳场所。,,,,,,,汉阳区琴台大道对面,,3298693,琴台绿化广场
1,徜徉在大自然怀抱中，尽情享受清新自然风光,,,,,,,湖北省武汉市武昌区沿湖大道22号,,7047465,东湖楚风乐园
0,,027-67819988,,,,,,中国湖北省武汉市武昌区东湖路136号,,5685656,武汉大学国际学术交流中心
2,,,,,,,,光谷大道,,17691442,藏龙岛
1,,,,,,20元,8:00－16:00,湖北省武汉市武昌区涂家岭四村51号,,6630986,莲溪禅寺
2,,027-81800028,,,,,,武汉市江夏区,,6776,江夏区大花山
0,东湖杜鹃园位于武汉东湖磨山景区内，始建于1985年，是以杜鹃花观赏为主题的专类园。杜鹃园占地30000平方米，栽种了30几个品种的杜鹃，近80万株。不仅有大片红色系的“毛杜鹃”、“夏鹃”等常见品种，还有水红色系的“粉红泡泡”、“玉麒麟”等杜鹃珍品。杜鹃盛开时节，漫山遍野、姹祡嫣红、千姿百态。,,,,,,,湖北省武汉市武昌区台北路225号东湖风景区内,,3449703,杜鹃园
0,武汉两江游览：日游、夜游。主打船只：晴川阁号，汉阳门号。一小时自助餐时间、一小时游江时间。,027-88109920,http://www.whljyl.com/,,,,,湖北省武汉市武昌区临江大道(武汉轮渡红巷旅游码头)房地产交易中心对面,,8976417,红巷旅游码头
2,武汉科技大学城市学院于2002年经湖北省人民政府批准成立，并经国家教育部核准备案。属本科层次的独立学院，具有独立法人资格。学院坐落于风景优美的武汉市东湖之滨，紧邻武汉火车站。现有占地面积860余亩，资产总值近10亿元，建筑面积近50万平方米，教学及生活设施完备、先进。其中教学仪器设备总值8000余万元，图书馆馆藏各类图书140余万册（含电子图书61余万册）。学院还建有千兆校园宽带网络、广播电台、英语教学专用无线广播台等。,,http://www.city.wust.edu.cn/,,,,,中国湖北省武汉市东湖生态旅游风景区黄家大湾特1号,,6003460,武汉科技大学城市学院
1,是一个活跃思维，锻炼脑力的教育场所,,,,,,,湖北省武汉友谊路中百仓储一楼,,7047461,武汉超嗨3D魔幻展
1,淡水生态与生物技术国家重点实验室依托于中国科学院水生生物研究所，1987年8月建成。该所坐落在湖北省武汉市武昌区东郊，面对波光浩淼的东湖，背靠风景秀丽的珞珈山。所舍占地面积26公顷，生活和工作设施齐全，环境幽雅恬静，交通便利，是理想的从事科学研究和追求学业的园地。实验室先后于1996年和2001年分别被授予优秀类国家重点实验室。,,,,,,,中国湖北省武汉市洪山区东湖南路7号,,5687211,淡水生态与生物技术国家重点实验室
0,,027-81623036,,,,,,龙泉乡龙泉山风景区,,17792863,灵泉寺
0,,,,,,,,中州社区,,17691391,观音岛
0,,027-81561913,,,,,,金口街中山舰路特一号,,17792800,中山舰博物馆
0,,027-87596838,,,,,,五里界街梁子湖大道特7号,,17792806,国际星河玫瑰艺术展(武汉站)
0,,,,,,,,中州社区,,17792866,观音岛
0,,17771749060,,,,,,纸坊四贤路101附2号,,17691433,慕尚庄园
0,,027-81561913,,,,,,金口街中山舰路特一号,,17691328,中山舰博物馆
0,,027-81623036,,,,,,龙泉乡龙泉山风景区,,17691388,灵泉寺
0,,17771749060,,,,,,纸坊四贤路101附2号,,17792908,慕尚庄园
0,,027-87596838,,,,,,五里界街梁子湖大道特7号,,17691334,国际星河玫瑰艺术展(武汉站)
0,,,,,,,,汤逊湖内,,17792905,汤逊湖
3,,027-86789624,,3小时,,30.00元,全天,中国湖北省武汉市武昌区沿湖大道,,5681031,疑海沙滩浴场
0,,,,,,,,汤逊湖内,,17691430,汤逊湖
0,,027-83212097,,,,,,开屏里66号,,17792989,三尤酒瓶博物馆
0,,027-81810234,,,,,,青龙山国家森林公园,,17691376,青龙山森林公园
0,,027-81810234,,,,,,青龙山国家森林公园,,17792851,青龙山森林公园
0,,027-83212097,,,,,,开屏里66号,,17691514,三尤酒瓶博物馆
0,,027-50464962,,,,,,金山大道和金南二路交汇处园博园,,17793013,武汉园博园
0,,027-50464962,,,,,,金山大道和金南二路交汇处园博园,,17691538,武汉园博园
0,,,,,,,,五里界中洲村,,17792821,七彩花海公园
0,,,,,,,,五里界中洲村,,17691349,七彩花海公园
1,遵循原生态和本土文化相结合的建设理念,027-87880766,,,,,,湖北武汉市江夏区五里界,,7047475,锦绣山庄
0,,027-87596838,,,,,,五里界街梁子湖大道特7号,,17691346,当代薰衣草风情园
0,,,,,,,,文化大道与谭鑫培路交口谭鑫培公园,,17691379,谭鑫培公园
0,,,,,,,,法泗镇斧山村附近,,17691427,鑫农湖荷花基地
0,,,,,,,,文化大道与谭鑫培路交口谭鑫培公园,,17792854,谭鑫培公园
0,,027-87596838,,,,,,五里界街梁子湖大道特7号,,17792818,当代薰衣草风情园
0,,,,,,,,法泗镇斧山村附近,,17792902,鑫农湖荷花基地
0,武汉首个鲜花主题公园“花世界”坐落在东西湖区石榴红村汉江江畔，占地600亩，由卓尔集团投资5000万元建设。现已全部建成，将现四季花开盛景。花世界以田园自然风光为基调，景区自东向西形似一片树叶，由叶脉状园路及汀步贯穿全园，并依常设品类规划为樱花园、碧桃园、紫薇园、香槐园、玉兰园、玫瑰园、百合园、玉簪园、金色葵园、海棠岭、梅岭、天鹅花溪共“九园二岭一花溪”的怡人景致。,,,,,,,武汉市东西湖区石榴红村汉江江畔,,7690291,武汉花世界
0,,027-69841448,,,268路蔡甸大街水务局站,,,中国湖北省武汉市蔡甸区蔡甸大街蔡甸大道870号,,6046710,蔡甸区科技馆
0,,,,,,,,梁子岛,,17792926,梦天湖
0,,18186137961,,,,,,郑店街道张涂街段岭庙老屋胡村,,17792815,江夏薰香悦花卉世界
0,,,,,,,,花山镇,,17691448,绿野山庄
0,,027-52101099,,,,,,东湖新技术开发区汤逊湖畔,,17691454,汤孙湖山庄
0,,027-81620543,,,,,,东南郊20公里处,,17792899,龙泉山风景区
0,,,,,,,,花山镇,,17792923,绿野山庄
0,,027-52101099,,,,,,东湖新技术开发区汤逊湖畔,,17792929,汤孙湖山庄
0,,18186137961,,,,,,郑店街道张涂街段岭庙老屋胡村,,17691343,江夏薰香悦花卉世界
0,,027-81620543,,,,,,东南郊20公里处,,17691424,龙泉山风景区
0,,,,,,,,梁子岛,,17691451,梦天湖
0,,,,,,,,中国湖北省武汉市硚口区丰顺路,,5681840,丰顺路天顺园小区
15,让孩子们体验做大人的感觉,,,,,,,武汉市江汉区沿河大道1号沿江一号商城4楼（龙王庙旁）,,7047486,星期8小镇武汉站
0,,,,,,,,青龙山国家森林公园内,,17792809,革命烈士纪念馆
0,,,,,,,,江夏大道5号,,17792920,长岛
0,,,,,,,,青龙山国家森林公园内,,17691337,革命烈士纪念馆
0,,,,,,,,光谷大道,,17792917,藏龙岛
0,,,,,,,,汤孙湖畔,,17691439,华泰汤孙湖旅游度假区
0,,,,,,,,江夏大道5号,,17691445,长岛
0,,,,,,,,汤孙湖畔,,17792914,华泰汤孙湖旅游度假区
1,释放压力的天堂，大哭大笑大叫全由你,,,,,,,湖北武汉市洪山去光谷步行街二街动漫大道B区,,7047476,尖叫屋
0,,13986200575,,,,,,纸坊郑店街,,17691352,恒河生态园
1,李家集街道泡桐店有黄陂木兰八景之一：木兰云雾山。山内有竹林寺，花语山；仙人洞；八里溪谷；思源观；花径；跪子石；青龙嘴等风景区。李家集街道西北为群山，一年四季风景秀丽。享有“西陵胜地、楚北名区、陂西陲障、汉地祖山”美誉的云雾山，地处武汉市黄陂区西北部李家集街道泡桐店境内，距武汉市中心区65公里，距黄陂城区29公里；是一处以山地为主的自然风景区，主峰海拔709米，属武汉市最高峰。 武汉周边的山寨建造得最为雄伟壮观的当数黄陂李集的龙王尖遗迹了。龙王尖山寨是为御匪安民而修建，又名永安寨，坐落于李集镇东北和长轩岭镇西的交界处。壮观的山墙基本完整，蔚为壮观，号称武汉的长城。也是武汉的后花园一景。 作京城遗址属汉代古城址，位于黄陂区李集街道作京城村。遗址呈不规则“亚”字形，东西长约200米、南北宽约为140米，残高2——6米，夯筑城垣顶宽约12米，基宽约30米，北、东、南三面有城门遗迹，城外有护城河遗迹。城垣为红褐土和黄砂土分层夯筑而成，城垣内叠压有板、筒瓦。城内散布大量绳纹筒瓦、板瓦残片。作京城遗址的发现，对研究武汉地区古代文化、长江流域古城址的起源、发展及古代建筑技术、黄陂的历史地望均具有重要的意义。,,,,由武汉市黄陂区前川客运中心可以乘公交直达李家集街道和泡桐店。街道内有祁泡线（祁家湾-泡桐）贯穿，连接黄陂区和孝感市孝昌县丰山镇。,,,武汉市黄陂区,,3486110,李家集镇
0,,13986200575,,,,,,纸坊郑店街,,17792827,恒河生态园
1,名流人和天地位于武汉盘龙城经济开发区内，距武汉天河机场6公里，汉口火车站5公里。该地块拥有3600米绵长湖岸线、1.5万亩湖光水影。在建810亩规划中，分为六个组团开发（太和园、广和园、润和园、怡和园、风和园、沁和园）。总建筑面积为108万平方米，绿化率37%。产品涵盖普通住宅、小高层住宅及高层住宅多种类型，同时还有商业网点、幼儿园、小学、医院、酒店办公等公共配套建筑。,,,,,,,武汉市黄陂区巨龙大道,,5693017,巨龙大道名流人和天地
1,位于汉阳区江欣苑社区的武汉汉绣博物馆面积达1000平米，包括历史馆、名人馆、陈列馆、实景馆和体验区等，展示了包括《九头鸟》、《古黄鹤楼》在内的多幅汉绣精品。,,,,,,,武汉市汉阳区江堤中路11号,,17360776,汉绣博物馆
3,恒河生态园面积大，地形多样，空间立体性表现出色，水陆生态环境并存。园区内100多亩的苗木区内各种参天大树，古树，植被种类丰富，名贵树木繁多，集科普、观赏于一体。且空气清新，环境优美，适于休闲。  庄园在“唯美、浪漫、闲适”的主题下，将文化创意与现代农业相结合，种植了普罗旺斯薰衣草，柳叶马鞭草，波斯菊，硫花菊，金鸡菊，满天星，向日葵，蔷薇等数十种花卉，以视觉、听觉、嗅觉、味觉、触觉五感深度体验，为人们提供全新的浪漫摄影休闲空间。,,,,乘坐轨道交通4号线---白沙洲大道江民路站【906路公交/202路公交】---步行至恒河生态园即可。,,,湖北省武汉市江夏区郑店街劳七村和廖桥村,,17309296,恒河生态园
3,蓝波湾水文化度假村坐落于江夏区乌龙泉镇友爱村梁子湖畔，梁子湖是湖北省容水量最大的淡水湖之一，湖面面积位居全省第二；也是驰名中外的武昌鱼的故乡，常年平均水深3米。梁子湖以“水清”、 “秀丽”、“奇特”三大特色著称。是集现代农业观光、生态旅游、休闲度假于一体的大型水文化庄园。,,,,,,9:00-23:00,武汉市江夏区乌龙泉镇友爱村蓝波湾,,16409613,蓝波湾
4,汉南喜鹊湖花海坐落在武汉市西南方的汉南区湘口街，景区占地总面积约7800亩，由湖北楚湘农业发展投资开发有限公司投资人民币3亿元兴建。园区以生态开发为宗旨，集现代农业种植、养殖、农业科普教育、农业观光、户外休闲、湿地保护为一体的生态农业观光园。,,,,公共交通：从邓甲村坐273到汉南纱帽客运站，然后专坐到仙桃的车，在五支沟下车即可。,,8:30-17:00,湖北省武汉市汉南区湘口街五支沟S321省道喜鹊湖花海,,16414143,喜鹊湖花海
0,　　武汉中华奇石馆位于武汉市汉阳区翠微路61号，毗邻归元古刹，北倚古琴台，西接墨水湖，风景秀丽，环境优雅，系涉外旅游景点，省级文明单位，武汉市科普教育基地，武汉市青少年校外教育基地。馆内建筑具有典型的明清风格，是以收藏展示各类观赏石、古生物化石、矿物晶体标本及盆景为主要内容，以丰富广大人民群众科普知识和文化生活为主要功能的城市园林艺术展馆。　　奇石展区面积2000余平方米，展品包括：湖北的三峡石、“石中皇后”大化石、色彩绚丽的葡萄玛瑙和内蒙的红碧玉等。除国内外各种精品石种外，新疆新发现的品位较高的藏瓷、藏玉、泡泡玉、雅丹结合石也在此聚合。化石展区面积3000余平方米，展出化石5000余件，全部为真品，有相当一部分达到精品或极品程度。如：古生物界鸟类“圣贤孔子鸟” 化石；地球上最古老的生物，生成于5亿年前的“三叶虫”化石；世界上最短命的生物“蜉蝣”化石；生活在距今约1万多年前地球上最大的哺乳动物“猛犸象”；还有恐龙家族等等。　　矿物晶体标本展区面积800余平方米，展品包括：亚洲第一的蔷薇水晶、有“东方绿宝石”美称的绿松石、“愚人金”黄铁矿、稀有的磷氯铅矿、自然金、自然银、色泽艳丽的菱锰矿以及被宝石界誉为“蓝晶”的海蓝宝等。 交通,,,,,,08:00—17:00。,湖北省武汉市汉阳区翠微路61号,,5430371,武汉盆景奇石根雕艺术馆
3,紫薇都市田园景区以植物编织文化为主题，具有无可比拟的独特性。紫薇都市田园以打造AAAA级景区为目标，成为武汉市富有特色的陆地机动游乐与水上机动游乐相结合、现代时尚游乐与传统智慧游乐相结合、休闲度假游玩与美食购物相结合、农家生活体验游乐与青少年园林花卉知识科普教育相结合的综合性大型游乐景区。,,,,公交路线： 乘车方式：武汉轨道交通1号线到新荣村车站换乘至仓埠的大巴；武汉火车站步行至武汉火车站乘坐525群力村方向，群力村换乘231平江大道阳逻客运站方向，平江大道阳逻客运站换乘232区(或232)汉施公路武湖村方向，平江大道童院下车步行至丰乐寺村。,,08:30-17:00,湖北省武汉市新洲区仓埠丰乐村特1号,,17310391,紫薇都市田园
5,冰雪奇园（Snow Wonderland）带游客如身临其境般游览阿尔卑斯的冰雪风光，精彩旅程贯穿奥地利、德国、意大利、法国、瑞士等欧洲五国。惊险刺激的4D影院、异域冰雪世界的风情、各类娱乐冒险的活动项目、琳琅满目的商品、亲子的互动与休闲教育等，都在园内融为一体，为各年龄层游客提供了可以轻松享受、与众不同的休闲娱乐体验。,18872244211;18986281211,,,地铁：从武汉轨道交通3号线和4号线王家湾J出口进入汉商21购物中心乘手扶梯至4楼 公交： 可乘266路，26路，338路，388路，531路，541路，556路，580路，648路，707路，720路，79路，电车5路在汉阳大道王家湾家乐福站下车 自驾：至王家湾汉商21购物中心地下停车场可乘电梯直达四楼,,,湖北省武汉市王家湾汉商21世纪购物中心4楼冰雪奇园,,15206247,冰雪奇园主题儿童游乐场
0,开展的自考独立本科段学历教育包括专科生升本科和本科生取得第二学位两种形式。,,,,,,,湖北省武汉市江夏区纸坊熊廷弼街特8号,,5694002,中国地质大学江城学院继续教育学院
0,,,,,,,,中国湖北省武汉市洪山区三环路,,5693976,湖北经济学院继续教育学院武昌校区
3,花乡茶谷，位于武汉市黄陂区蔡家榨街的红岗山，又名红界山、洪界山，为湖北名山，在武汉正北，黄陂、红安交界，一山两市（武汉市、黄冈市）。被木兰湖、吴家寺水库两湖相拥，湖光山色相映。,,,,公共交通： 1.从汉口火车站对面金家墩客运站坐去长岭岗的中巴车（需1.5-2小时）。再乘坐面包车4公里至花乡茶谷。 2.在汉口火车站做292公交到终点，再转到长岭岗的中巴车，再乘坐面包车4公里至花乡茶谷。 自驾：从武汉市出发大概需要1个小时。 武昌：上天兴洲长江大桥-进武麻高速-到黄埔北菜榨出口下，出口处可见花乡茶谷指示牌，按照指示牌指示很快到达园区 汉口：从岱黄高速-转外环（上海，合肥方向）进武麻高速-到黄埔北菜榨出口下，出口处可见花乡茶谷指示牌，按照指示牌指示很快到达园区 黄陂：从巨龙大道-青龙入口-进武麻高速-到黄埔北菜榨出口下，出口处可见花乡茶谷指示牌，按照指示牌指示很快到达园区。,,09:00-18:00,武汉市黄陂区蔡家榨街红岗山花乡茶谷旅游风景区,,17309167,花乡茶谷旅游度假风景区
5,喜鹊湖花湖-向日葵园占地面积500亩，栽种的全部都是食用型向日葵，是可以真正结出瓜子的。向日葵的花语是爱慕，永恒不变的守候。 葵园里还有很多站着的稻草人，放眼看去像乡下的田野帮人守田园的。有了看的当然也不能少了玩的，小朋友可以来充气城堡大展拳脚哟，也可以来试试钓螃蟹的感觉。当然我们这里不止有玩的看的，还有吃的，比如棉花糖，冰淇淋，饮料，另外还可以自己搭建烧烤账篷，享受一下户外BBQ。听起来很不错的样子吧，心动不如行动，赶紧嘀，背上你的包，拿着相机来一场说走就走的旅行吧！,,,,自驾：武汉-汉洪高速（武监高速）行至湘口收费站下-S321省道与六支沟交汇处即喜鹊湖花海,,8:00-17:00（9月28日-11月15日）,武汉市汉南区湘口街五支沟与S321省道交汇处,,17340634,喜鹊湖花海-向日葵园
0,古门山景区位于武汉木兰生态旅游区的姚家集镇境内，总面积6000亩，距武汉中心城区约65公里，是继木兰山、木兰湖、木兰天池三大景区建设之后开发的又一新景区。该区域规划面积约5000亩，属典型的山水石林景区。景区内乱石如林，千奇百怪；长河蜿蜒，两岸青山；幽谷深邃，百鸟和鸣；飞流直下，百丈垂练；湖水碧透，白鹭翔集。这里是观石景致，涉水游历，峡谷探究的旅游观光最佳处。,027-61598318,,,1、每周六早上9：00前有车由汉口武汉港发车，直达古门山景区，每天下午16：30左右返程；往返车费30元左右。     2、每周六早上9：00前有车由武昌洪山广场丽江饭店发车，直达古门山景区，每天下午16：30左右返程；往返车费30元左右。     自驾车：经汉口竹叶山转盘上岱黄高速，经黄陂区上黄土线往大悟方向，途中须经过木兰山岔路口、木兰天池岔路口，沿线笔直前行约5分钟过姚集大桥左转，走姚蔡公路约5分钟见指示标牌右转即可达景区。（沿路收费站：府河、木兰收费站；过路费用：约20－30元）,旺季40元，淡季30元,8：00—17:30,木兰生态旅游区的姚家集镇境内,,3480192,古门山
0,武汉经贸大学于1992年下半年开始筹建，1993年6月14日经湖北武汉经贸大学武汉经贸大学省人民政府批准。湖北省教委发文鄂教文（1993）054号正式成立。2000年8月学校经省计委和省教育厅批准，正式挂靠武汉工程大学（原武汉化工学院），成立了武汉工程大学职业技术学院吴家湾校区，2007年根据政策调整成立了武汉工程大学继续教育学院吴家湾校区。,027-51338721,http://www.whjmd.com/,,,,,湖北省武汉市洪山区珞瑜路吴家湾特1号,,5694001,武汉经贸大学
0,,,,,,,,中国湖北省武汉市东西湖区吴新干线,,3341686,兆丰草莓园
0,南湖校区是经省教育厅批准设立的，具有独立招生资格的全日制普通高等专科院校。南湖校区南依汤逊湖，北靠中环线，交通便利，环境优雅。该校区除共享主校区教育教学资源外，还拥有相对独立的专用教学资源。现有正、副院长5人，在高校工作多年，熟悉高校的教学、科研和管理工作，坚持按教育规律办学，能够保证正确的办学方向和优良的教学质量。现有专兼职教师130人，其中专职86人，兼职44人；副高以上44人，占33.84%；中级39人，占30%；初级47人，占36%；具有研究生以上学历的41人，占31.5%；形成了一支专家学者、管理干部、讲师技师和外籍教师“四结合”的教师队伍。有一批著名专家如外语系主任刘鉴生教授、经贸系主任肖兵教授、计科系主任冉春玉教授等在校区任教。现有校舍面积近4万平方米，有现代化的计算机网络系统和多媒体教室，有信息网络中心、电子电工技术中心、语言实验中心、计算机软件实验室、艺术设计实验室等教学设备先进，生活服务设施齐全，是学习深造的好地方。,,,,,,,中国湖北省武汉市洪山区博学路,,5693975,湖北省经济管理干部学院南湖校区
0,,,,,,,,武汉洪山区和平乡北洋桥村东湖港,,7643206,北洋桥
0,湖北公共关系职业培训学院创办于1993年，由湖北省公共关系协会主管。是一所以管理科学、公共关系、计算机软件工程、营销管理、会展管理职业培训为主，兼顾学历教育，重点培养经济管理、公共管理人才和专业技术人才的职业培训学院。现由武汉大谦投资有限公司投资控股，确立以就业为导向，以实训为方法的职业化、国际化人才培养之路。学院根植于历史文化底蕴深厚的湖北，座落在武汉市区大学城。学院办学条件优越，拥有15000m2的综合楼，教学设施齐全，设有图书室、多媒体教室、室内活动室、画室、音乐专用教室等。建有学生食堂，医务室、超市、电子阅览室，可供学生使用篮球、排球、羽毛球等室内外运动场地和生活设施，直接为教学和学生服务。,027-87395773,,,215路;565路;610路;616路;725路;734路;811路友谊大道柴林花园下,,,中国湖北省武汉市洪山区水蓝路,,5694010,湖北公共关系职业培训学院
0,,,,,,,,中国湖北省武汉市洪山区水蓝路,,5693997,基督教福音堂
0,,,,,,,,湖北省武汉市汉阳区琴台大道,,9229991,张之洞纪念公园
0,,027-81561913,,,,,,金口街中山舰路特1号,,17792803,中山舰博物馆
0,,027-59717654,,,,,,龙泉山北麓龙泉山生态园内,,17792830,云旗龙泉山生态园
0,,13652002384,,,,,,文化大道59号,,17792836,常青文化
0,,027-87935066,,,,,,武昌大道(近和平农庄),,17792869,普愿禅寺
0,,18040510020,,,,,,覃庙村村委会,,17792890,龙泉街覃庙村
0,,,,,,,,北华街,,17792896,基督教恩惠堂
0,,,,,,,,湖北经济学院梁山头商业街,,17792953,梁山头商业街
0,,,,,,,,明泽路6号海悦天地附近,,17792959,庙山美食一条街
0,,027-81800028,,,,,,江夏大道,,17792980,大花山
0,,,,,,,,天际路创辉石材斜对面,,17792986,儿童成长主题乐园
0,,,,,,,,江夏区经济开发区庙山办事处庙山大道11号汽车公园内豪华展厅,,17691340,开利星空
0,,15072333663,,,,,,纸坊街古驿道花之都创业街5-1,,17691373,花之都儿童乐园
0,,,,,,,,正街86号,,17691403,基督教恩典堂
0,,,,,,,,城关纸坊镇东南侧青龙山国家森林公园境内,,17691436,八方山
0,,,,,,,,高新四路康魅路,,17691463,金地·褐石庄园
0,,,,,,,,081乡道,,17691469,古龙山
0,,,,,,,,凤凰花园旁,,17691490,凤凰步行街
0,,13397145021,,,,,,段岭庙街老屋胡村（107国道1278KM处,,17691496,沛美达
0,,13986220486,,,,,,金银潭大道美联奥园永旺梦乐城三楼,,17691520,贝佳艺术馆(金银潭店)
0,,4006637748,,,,,,金南二路8号园博园北入口北游客中心旁杉杉湿地一号楼,,17691526,C11环球动漫展
0,,,,,,,,四东巷与沙羡街交叉口东南150米,,17691358,鳄鱼
0,,,,,,,,北华街,,17691385,新世纪公园
0,,18040510020,,,,,,覃庙村村委会,,17691415,龙泉街覃庙村
0,,,,,,,,082乡道,,17691475,鸽子山
0,,027-81800028,,,,,,江夏大道,,17691505,大花山
0,,18827007103,,,,,,吴家山一小园丁街3号,,17691532,一飞书画苑
0,,,,,,,,江夏大道武商培训学院对面,,17792842,武汉医药产业园
0,,15072333663,,,,,,纸坊街古驿道花之都创业街5-1,,17792848,花之都儿童乐园
0,,,,,,,,任家巷,,17792875,基督教恩光堂
0,,027-81620543,,,,,,浏芳街龙泉山景区,,17792932,龙泉山
0,,,,,,,,高新四路康魅路,,17792938,金地·褐石庄园
0,,,,,,,,凤凰花园旁,,17792965,凤凰步行街
0,,,,,,,,环湖东路6号,,17792992,园林艺术馆
0,,18827007103,,,,,,吴家山一小园丁街3号,,17691532,一飞书画苑
0,,027-81561913,,,,,,金口街中山舰路特1号,,17691331,中山舰博物馆
0,,,,,,,,梁子湖大道,,17691364,金湖湾科技生态园
0,,,,,,,,纸金路,,17691397,观音寺
0,,,,,,,,北华街,,17691421,基督教恩惠堂
0,,,,,,,,长乐路,,17691481,江夏商业街
0,,,,,,,,兴龙街,,17691487,龙泉群众文化广场
0,,,,,,,,天际路创辉石材斜对面,,17691511,儿童成长主题乐园
0,,,,,,,,环湖东路6号,,17691517,园林艺术馆
0,,,,,,,,东湖风景区滨湖村大庙咀,,17792881,东湖大庙咀金字塔
0,,,,,,,,马安路75号附近,,17792887,观音堂
0,,,,,,,,城关纸坊镇东南侧青龙山国家森林公园境内,,17792911,八方山
0,,,,,,,,081乡道,,17792944,古龙山
0,,13397145021,,,,,,段岭庙街老屋胡村（107国道1278KM处,,17792971,沛美达
0,,,,,,,,081乡道,,17792977,古龙塆
0,,,,,,,,五环大道142号,,17793004,聚文斋书画装裱美术工作室
0,,,,,,,,四东巷与沙羡街交叉口东南150米,,17792833,鳄鱼
0,,,,,,,,梁子湖大道,,17792839,金湖湾科技生态园
0,,,,,,,,北华街,,17792860,新世纪公园
0,,,,,,,,河垴街199号,,17792893,基督教同心堂
0,,,,,,,,082乡道,,17792950,鸽子山
0,,,,,,,,长乐路,,17792956,江夏商业街
0,,,,,,,,一零七国道,,17792983,段岭庙
0,,13554336999,,,,,,金南一路与三环交叉口处,,17793010,东方马城巨幕秀场
0,,,,,,,,青春村附近,,17691370,青春生态园
0,,,,,,,,任家巷,,17691400,基督教恩光堂
0,,,,,,,,东湖风景区滨湖村大庙咀,,17691406,东湖大庙咀金字塔
0,,,,,,,,005县道,,17691460,中华古文化游览园
0,,,,,,,,安山镇金家湾,,17691466,高腊梅水库
0,,,,,,,,谭鑫培路,,17691493,博雅豪庭时尚街
0,,,,,,,,龙泉山风景区附近,,17691499,昭王寝
0,,,,,,,,吴祁街48,,17691523,东西湖科技馆
0,,,,,,,,五环大道142号,,17691529,聚文斋书画装裱美术工作室
0,,027-59717654,,,,,,龙泉山北麓龙泉山生态园内,,17691355,云旗龙泉山生态园
0,,,,,,,,青龙路熊廷弼公园,,17691382,熊廷弼公园
0,,,,,,,,马安路75号附近,,17691412,观音堂
0,,,,,,,,河垴街199号,,17691418,基督教同心堂
0,,,,,,,,花山镇,,17691472,严东湖
0,,,,,,,,湖北经济学院梁山头商业街,,17691478,梁山头商业街
0,,,,,,,,081乡道,,17691502,古龙塆
0,,,,,,,,一零七国道,,17691508,段岭庙
0,,13554336999,,,,,,金南一路与三环交叉口处,,17691535,东方马城巨幕秀场
0,,,,,,,,江夏区经济开发区庙山办事处庙山大道11号汽车公园内豪华展厅,,17792812,开利星空
0,,,,,,,,青春村附近,,17792845,青春生态园
0,,,,,,,,纸金路,,17792872,观音寺
0,,,,,,,,正街86号,,17792878,基督教恩典堂
0,,,,,,,,005县道,,17792935,中华古文化游览园
0,,,,,,,,兴龙街,,17792962,龙泉群众文化广场
0,,,,,,,,谭鑫培路,,17792968,博雅豪庭时尚街
0,,13986220486,,,,,,金银潭大道美联奥园永旺梦乐城三楼,,17792995,贝佳艺术馆(金银潭店)
0,,,,,,,,青龙路熊廷弼公园,,17792857,熊廷弼公园
0,,,,,,,,五里界内,,17792884,巴登城
0,,,,,,,,安山镇金家湾,,17792941,高腊梅水库
0,,,,,,,,花山镇,,17792947,严东湖
0,,,,,,,,龙泉山风景区附近,,17792974,昭王寝
0,,4006637748,,,,,,金南二路8号园博园北入口北游客中心旁杉杉湿地一号楼,,17793001,C11环球动漫展
0,,18827007103,,,,,,吴家山一小园丁街3号,,17793007,一飞书画苑
0,,13652002384,,,,,,文化大道59号,,17691361,常青文化
0,,,,,,,,江夏大道武商培训学院对面,,17691367,武汉医药产业园
0,,027-87935066,,,,,,武昌大道(近和平农庄),,17691394,普愿禅寺
0,,027-81620543,,,,,,浏芳街龙泉山景区,,17691457,龙泉山
0,,,,,,,,明泽路6号海悦天地附近,,17691484,庙山美食一条街
